model,finding,phrasing,variant,n,mean_change_log_odds,median_change_log_odds,ci_low,ci_high
4b,cardiomegaly,0,edit,308,22.027060449285717,24.3562025,21.281062757613636,22.667667393012987
4b,cardiomegaly,0,sham,308,2.674967950459416,0.33657574999999973,1.6764308237152195,3.575011112526095
4b,cardiomegaly,1,edit,308,23.479711777483764,24.8249675,22.965991885122158,23.93123850962135
4b,cardiomegaly,1,sham,308,1.6531134465097401,0.1503022499999993,0.8608326873023538,2.3891020181168834
4b,effusion,0,edit,179,24.566059056983246,26.304057,23.653652010474858,25.35408955451117
4b,effusion,0,sham,179,0.057723747486033476,0.145111,-0.5635098433519551,0.6909158953491619
4b,effusion,1,edit,179,22.645745578547487,24.896197,21.67501367536313,23.565976948198323
4b,effusion,1,sham,179,0.7399846344134077,0.27161599999999986,0.08375636832960881,1.411784258784916
1.5-4b,cardiomegaly,0,edit,308,19.051249261113636,20.70173355,18.4895677366375,19.52183553682005
1.5-4b,cardiomegaly,0,sham,308,2.2806947641818183,0.349453,1.5096248047045453,2.9954508204793826
1.5-4b,cardiomegaly,1,edit,308,18.510581554788963,19.52000925,18.14711586090909,18.835616844646914
1.5-4b,cardiomegaly,1,sham,308,1.2705193223538962,0.12602144999999965,0.6806277300560065,1.8017179477674512
1.5-4b,effusion,0,edit,179,18.82870765566536,20.325177500000002,18.149688257795518,19.439289623170364
1.5-4b,effusion,0,sham,179,0.260995905050838,0.21319960000000027,-0.24475266649835192,0.7310275679698321
1.5-4b,effusion,1,edit,179,17.646320587039106,19.3478084,16.92193419272905,18.355155326946928
1.5-4b,effusion,1,sham,179,0.3808124981564247,0.21426800000000057,-0.014067659385474872,0.8014624227681564
