model,finding,phrasing,shams,n,flip_sham,ci_low,ci_high,mean_change_log_odds,lo_ci_low,lo_ci_high
4b,cardiomegaly,0,passes the checks,16,1.0,1.0,1.0,21.17381478125,19.1903603309375,22.907544884375003
4b,cardiomegaly,0,fails the checks,322,0.12732919254658384,0.09309006211180124,0.16459627329192547,2.7217500540729813,2.094690762351941,3.391367781791692
4b,cardiomegaly,0,no measured change,82,0.04878048780487805,0.012195121951219513,0.0975609756097561,0.0538543246524391,-0.6173387185365855,0.8199460263902435
4b,cardiomegaly,1,passes the checks,16,1.0,1.0,1.0,17.3250388375,12.90768451640625,21.72866919125
4b,cardiomegaly,1,fails the checks,318,0.13836477987421383,0.10369496855345912,0.17295597484276728,1.2463503248427672,0.8303677832547169,1.707841637948113
4b,cardiomegaly,1,no measured change,81,0.04938271604938271,0.012345679012345678,0.1111111111111111,-0.09572140123456788,-0.23800800324074076,0.05471766141975312
4b,effusion,0,passes the checks,1,0.0,,,2.8526929999999986,,
4b,effusion,0,fails the checks,531,0.07532956685499058,0.05273069679849341,0.09981167608286252,0.45406533879472694,0.3098226536958569,0.6169487861252352
4b,effusion,0,no measured change,145,0.034482758620689655,0.006896551724137931,0.06896551724137931,0.126811472413793,0.05542046939655164,0.20539519905172407
4b,effusion,0,"no measured change, both classifiers",75,0.02666666666666667,0.0,0.06666666666666667,0.0907317466666666,-0.0009508093333333334,0.18150301516666656
4b,effusion,1,passes the checks,1,1.0,,,5.517847000000001,,
4b,effusion,1,fails the checks,491,0.1934826883910387,0.15885947046843177,0.22810590631364563,0.7752005371486762,0.6052473013054989,0.9813829523859469
4b,effusion,1,no measured change,128,0.1328125,0.078125,0.1953125,0.38557074218749987,0.2773431595703124,0.5059389729492184
4b,effusion,1,"no measured change, both classifiers",68,0.1323529411764706,0.058823529411764705,0.22058823529411764,0.319349588235294,0.18250799650735286,0.4691235551470588
1.5-4b,cardiomegaly,0,passes the checks,16,1.0,1.0,1.0,16.949750925,14.5161776846875,19.41284146390625
1.5-4b,cardiomegaly,0,fails the checks,321,0.1557632398753894,0.11838006230529595,0.19626168224299065,2.0682277030311527,1.5363397171612148,2.5921024832810744
1.5-4b,cardiomegaly,0,no measured change,84,0.047619047619047616,0.011904761904761904,0.09523809523809523,-0.16717822264285717,-0.5414444867264882,0.24529285901934517
1.5-4b,cardiomegaly,1,passes the checks,16,0.9375,0.8125,1.0,13.37524845125,10.04481602371875,16.932487073593748
1.5-4b,cardiomegaly,1,fails the checks,328,0.11890243902439024,0.08536585365853659,0.15251524390243895,0.8171765305792682,0.5517681543170732,1.1141501151478659
1.5-4b,cardiomegaly,1,no measured change,85,0.011764705882352941,0.0,0.03529411764705882,-0.19962340352941177,-0.33732298388235293,-0.04600876244117647
1.5-4b,effusion,0,passes the checks,1,1.0,,,2.9878483000000005,,
1.5-4b,effusion,0,fails the checks,525,0.10666666666666667,0.08,0.13338095238095232,0.5801971278666667,0.46016953930285714,0.7002841253223809
1.5-4b,effusion,0,no measured change,142,0.04929577464788732,0.014084507042253521,0.09154929577464789,0.2702836419718309,0.1809584917429577,0.3928387024260562
1.5-4b,effusion,0,"no measured change, both classifiers",75,0.04,0.0,0.09333333333333334,0.2364402194666666,0.0924080929666666,0.4308334303533332
1.5-4b,effusion,1,passes the checks,1,1.0,,,4.982481,,
1.5-4b,effusion,1,fails the checks,525,0.12,0.09333333333333334,0.14857142857142858,0.6496366477714286,0.5449162095819047,0.7754527144485714
1.5-4b,effusion,1,no measured change,143,0.06293706293706294,0.027972027972027972,0.11188811188811189,0.36201937461538464,0.25365887573426577,0.5229757000681817
1.5-4b,effusion,1,"no measured change, both classifiers",77,0.07792207792207792,0.025974025974025976,0.14285714285714285,0.38278528402597395,0.1859970985064935,0.6312409129448051
