model,phrasing,ctr_change,n,flip_sham
4b,0,<= 0,170,0.052941176470588235
4b,0,0 to 0.02,79,0.02531645569620253
4b,0,0.02 to 0.04,28,0.21428571428571427
4b,0,0.04 to 0.06,23,0.391304347826087
4b,0,> 0.06,22,0.6818181818181818
4b,1,<= 0,169,0.0650887573964497
4b,1,0 to 0.02,76,0.02631578947368421
4b,1,0.02 to 0.04,28,0.25
4b,1,0.04 to 0.06,23,0.391304347826087
4b,1,> 0.06,22,0.6818181818181818
1.5-4b,0,<= 0,172,0.06976744186046512
1.5-4b,0,0 to 0.02,78,0.05128205128205128
1.5-4b,0,0.02 to 0.04,27,0.25925925925925924
1.5-4b,0,0.04 to 0.06,22,0.4090909090909091
1.5-4b,0,> 0.06,22,0.8181818181818182
1.5-4b,1,<= 0,175,0.05142857142857143
1.5-4b,1,0 to 0.02,81,0.037037037037037035
1.5-4b,1,0.02 to 0.04,28,0.25
1.5-4b,1,0.04 to 0.06,22,0.22727272727272727
1.5-4b,1,> 0.06,22,0.6818181818181818
