model,finding,phrasing,variant,n,share_above_05,share_above_threshold,max_p_yes,median_yes_no_mass
4b,cardiomegaly,0,original,380,0.11842105263157894,0.11052631578947368,0.99999964,0.98797222
4b,cardiomegaly,0,edit,308,1.0,1.0,1.0,0.99992148
4b,cardiomegaly,0,sham,380,0.2236842105263158,0.21052631578947367,0.9999999,0.984101355
4b,cardiomegaly,0,blank,380,0.0,0.0,0.00043771893,0.922300735
4b,cardiomegaly,0,shuffled,380,0.0,0.0,0.0006574334,0.997267985
4b,cardiomegaly,0,real_finding,380,0.9052631578947369,0.9,1.0,0.9994384350000001
4b,cardiomegaly,1,original,380,0.042105263157894736,0.12105263157894737,0.9999962,0.994732
4b,cardiomegaly,1,edit,308,0.987012987012987,1.0,0.9999999,0.9998741
4b,cardiomegaly,1,sham,380,0.08947368421052632,0.23157894736842105,0.9999999,0.99283885
4b,cardiomegaly,1,blank,380,0.0,0.9947368421052631,0.00030850095,0.9874945
4b,cardiomegaly,1,shuffled,380,0.0,0.2710526315789474,0.00045557052,0.99541065
4b,cardiomegaly,1,real_finding,380,0.6552631578947369,0.9026315789473685,0.9999999,0.985758455
4b,effusion,0,original,600,0.041666666666666664,0.11333333333333333,0.99999964,0.9966404
4b,effusion,0,edit,179,0.994413407821229,1.0,0.99999976,0.999946
4b,effusion,0,sham,600,0.03666666666666667,0.16,0.99999785,0.9952243700000001
4b,effusion,0,blank,600,0.0,1.0,0.00019535758,0.99312
4b,effusion,0,shuffled,600,0.0,0.505,4.577451e-05,0.99901855
4b,effusion,0,real_finding,600,0.6183333333333333,0.7983333333333333,0.9999999,0.997788635
4b,effusion,1,original,600,0.07166666666666667,0.18,0.99999964,0.9883537
4b,effusion,1,edit,179,1.0,1.0,0.9999999,0.9999559
4b,effusion,1,sham,600,0.08166666666666667,0.3233333333333333,0.9999995,0.9809498249999999
4b,effusion,1,blank,600,0.0,1.0,0.00091825833,0.985783
4b,effusion,1,shuffled,600,0.0,0.575,0.000491274,0.9910519499999999
4b,effusion,1,real_finding,600,0.705,0.8583333333333333,0.99999976,0.99845195
1.5-4b,cardiomegaly,0,original,380,0.12105263157894737,0.11315789473684211,0.9999999,0.09288302
1.5-4b,cardiomegaly,0,edit,308,1.0,1.0,1.0,0.9813805
1.5-4b,cardiomegaly,0,sham,380,0.2631578947368421,0.24736842105263157,1.0,0.093229915
1.5-4b,cardiomegaly,0,blank,380,0.0,0.0,0.0043813544,0.60515934
1.5-4b,cardiomegaly,0,shuffled,380,0.0,0.0,0.09309472,0.24026095
1.5-4b,cardiomegaly,0,real_finding,380,0.9447368421052632,0.9447368421052632,1.0,0.9305065
1.5-4b,cardiomegaly,1,original,380,0.06315789473684211,0.09473684210526316,0.9999988,0.16852928
1.5-4b,cardiomegaly,1,edit,308,0.9967532467532467,1.0,1.0,0.988708685
1.5-4b,cardiomegaly,1,sham,380,0.13157894736842105,0.19473684210526315,1.0,0.16429186
1.5-4b,cardiomegaly,1,blank,380,0.0,0.0,0.0011955269,0.88442712
1.5-4b,cardiomegaly,1,shuffled,380,0.0,0.0,0.016532224,0.34106611
1.5-4b,cardiomegaly,1,real_finding,380,0.7973684210526316,0.8868421052631579,1.0,0.73271547
1.5-4b,effusion,0,original,600,0.07166666666666667,0.12333333333333334,0.9999999,0.095102365
1.5-4b,effusion,0,edit,179,1.0,1.0,0.9999999,0.9856246
1.5-4b,effusion,0,sham,600,0.08166666666666667,0.19666666666666666,0.99999976,0.07613472199999999
1.5-4b,effusion,0,blank,600,0.0,0.0,0.0030356408,0.6084369
1.5-4b,effusion,0,shuffled,600,0.0,0.0033333333333333335,0.025364943,0.16388555500000002
1.5-4b,effusion,0,real_finding,600,0.7383333333333333,0.8233333333333334,0.9999999,0.9028196749999999
1.5-4b,effusion,1,original,600,0.09166666666666666,0.12333333333333334,0.9999999,0.085303875
1.5-4b,effusion,1,edit,179,1.0,1.0,1.0,0.98556906
1.5-4b,effusion,1,sham,600,0.10166666666666667,0.21666666666666667,0.99999976,0.068267495
1.5-4b,effusion,1,blank,600,0.0,0.0,0.004532748,0.48985016
1.5-4b,effusion,1,shuffled,600,0.0,0.0,0.034047756,0.14764242
1.5-4b,effusion,1,real_finding,600,0.7566666666666667,0.8316666666666667,1.0,0.913433315
