model,finding,phrasing,rule,subset,n_eligible_edit,flips_edit,flip_edit,ci_low,ci_high,one_sided_95_lower,n_eligible_sham,flip_sham,sham_ci_low,sham_ci_high
4b,cardiomegaly,0,0.5,all,266,266,1.0,1.0,1.0,0.9888010292171145,266,0.20300751879699247,0.15789473684210525,0.2518796992481203
4b,cardiomegaly,0,0.5,yes/no answers only,262,262,1.0,1.0,1.0,0.9886310281547708,245,0.18775510204081633,0.14285714285714285,0.23673469387755103
4b,cardiomegaly,0,0.5,source below the classifier thresholds,244,244,1.0,1.0,1.0,0.9877974708307882,244,0.19262295081967212,0.14344262295081966,0.24180327868852458
4b,cardiomegaly,0,pre-registered,all,269,269,1.0,1.0,1.0,0.9889252306253606,269,0.1970260223048327,0.1524163568773234,0.2417286245353159
4b,cardiomegaly,0,pre-registered,yes/no answers only,262,262,1.0,1.0,1.0,0.9886310281547708,245,0.18775510204081633,0.14285714285714285,0.23673469387755103
4b,cardiomegaly,0,pre-registered,source below the classifier thresholds,246,246,1.0,1.0,1.0,0.9878960755374822,246,0.1910569105691057,0.14227642276422764,0.23983739837398374
4b,cardiomegaly,1,0.5,all,293,289,0.9863481228668942,0.9726962457337884,0.9965870307167235,0.9690332731789945,293,0.09215017064846416,0.05802047781569966,0.12286689419795221
4b,cardiomegaly,1,0.5,yes/no answers only,288,286,0.9930555555555556,0.9826388888888888,1.0,0.9783020699624383,290,0.0896551724137931,0.05862068965517241,0.1242241379310344
4b,cardiomegaly,1,0.5,source below the classifier thresholds,261,258,0.9885057471264368,0.9731800766283525,1.0,0.9705620684523417,261,0.08812260536398467,0.05363984674329502,0.12260536398467432
4b,cardiomegaly,1,pre-registered,all,266,266,1.0,1.0,1.0,0.9888010292171145,266,0.19924812030075187,0.15413533834586465,0.24812030075187969
4b,cardiomegaly,1,pre-registered,yes/no answers only,262,262,1.0,1.0,1.0,0.9886310281547708,266,0.19924812030075187,0.15413533834586465,0.24812030075187969
4b,cardiomegaly,1,pre-registered,source below the classifier thresholds,243,243,1.0,1.0,1.0,0.9877475635581696,243,0.18930041152263374,0.1440329218106996,0.23868312757201646
4b,effusion,0,0.5,all,169,168,0.9940828402366864,0.9822485207100592,1.0,0.9722388069099293,169,0.023668639053254437,0.005917159763313609,0.047337278106508875
4b,effusion,0,0.5,yes/no answers only,166,165,0.9939759036144579,0.9819277108433735,1.0,0.9717427484733554,165,0.01818181818181818,0.0,0.04242424242424243
4b,effusion,0,0.5,source below the classifier thresholds,103,102,0.9902912621359223,0.9611650485436893,1.0,0.9547716982887451,103,0.009708737864077669,0.0,0.02912621359223301
4b,effusion,0,pre-registered,all,154,154,1.0,1.0,1.0,0.9807351779601126,154,0.07792207792207792,0.032467532467532464,0.11688311688311688
4b,effusion,0,pre-registered,yes/no answers only,154,154,1.0,1.0,1.0,0.9807351779601126,154,0.07792207792207792,0.032467532467532464,0.11688311688311688
4b,effusion,0,pre-registered,source below the classifier thresholds,100,100,1.0,1.0,1.0,0.9704869503929592,100,0.08,0.03,0.14
4b,effusion,1,0.5,all,163,163,1.0,1.0,1.0,0.9817891332557824,163,0.049079754601226995,0.024539877300613498,0.08588957055214724
4b,effusion,1,0.5,yes/no answers only,160,160,1.0,1.0,1.0,0.9814508659224961,158,0.05063291139240506,0.0189873417721519,0.08860759493670886
4b,effusion,1,0.5,source below the classifier thresholds,101,101,1.0,1.0,1.0,0.9707748464609605,101,0.019801980198019802,0.0,0.04950495049504951
4b,effusion,1,pre-registered,all,137,137,1.0,1.0,1.0,0.9783706833467045,137,0.17518248175182483,0.11678832116788321,0.24087591240875914
4b,effusion,1,pre-registered,yes/no answers only,137,137,1.0,1.0,1.0,0.9783706833467045,136,0.16911764705882354,0.11764705882352941,0.23529411764705882
4b,effusion,1,pre-registered,source below the classifier thresholds,91,91,1.0,1.0,1.0,0.9676158352635653,91,0.17582417582417584,0.0989010989010989,0.26373626373626374
1.5-4b,cardiomegaly,0,0.5,all,265,265,1.0,1.0,1.0,0.9887590073670394,265,0.22641509433962265,0.17735849056603772,0.2792452830188679
1.5-4b,cardiomegaly,0,0.5,yes/no answers only,0,0,,,,,0,,,
1.5-4b,cardiomegaly,0,0.5,source below the classifier thresholds,245,245,1.0,1.0,1.0,0.9878469731879376,245,0.20816326530612245,0.15918367346938775,0.2612244897959184
1.5-4b,cardiomegaly,0,pre-registered,all,268,268,1.0,1.0,1.0,0.9888841373878732,268,0.22014925373134328,0.16791044776119404,0.26865671641791045
1.5-4b,cardiomegaly,0,pre-registered,yes/no answers only,0,0,,,,,0,,,
1.5-4b,cardiomegaly,0,pre-registered,source below the classifier thresholds,247,247,1.0,1.0,1.0,0.9879447827082899,247,0.20242914979757085,0.15384615384615385,0.2550607287449393
1.5-4b,cardiomegaly,1,0.5,all,285,284,0.9964912280701754,0.9894736842105263,1.0,0.9834637908535446,285,0.11929824561403508,0.08070175438596491,0.1543859649122807
1.5-4b,cardiomegaly,1,0.5,yes/no answers only,0,0,,,,,0,,,
1.5-4b,cardiomegaly,1,0.5,source below the classifier thresholds,255,254,0.996078431372549,0.9882352941176471,1.0,0.9815326189666218,255,0.10980392156862745,0.07058823529411765,0.15294117647058825
1.5-4b,cardiomegaly,1,pre-registered,all,274,274,1.0,1.0,1.0,0.9891262221509969,274,0.17518248175182483,0.13494525547445257,0.21897810218978103
1.5-4b,cardiomegaly,1,pre-registered,yes/no answers only,0,0,,,,,0,,,
1.5-4b,cardiomegaly,1,pre-registered,source below the classifier thresholds,249,249,1.0,1.0,1.0,0.9880410304436502,249,0.1686746987951807,0.12449799196787148,0.21295180722891557
1.5-4b,effusion,0,0.5,all,163,163,1.0,1.0,1.0,0.9817891332557824,163,0.04294478527607362,0.012269938650306749,0.0736196319018405
1.5-4b,effusion,0,0.5,yes/no answers only,0,0,,,,,0,,,
1.5-4b,effusion,0,0.5,source below the classifier thresholds,101,101,1.0,1.0,1.0,0.9707748464609605,101,0.009900990099009901,0.0,0.0297029702970297
1.5-4b,effusion,0,pre-registered,all,148,148,1.0,1.0,1.0,0.9799620483108953,148,0.08108108108108109,0.04054054054054054,0.12837837837837837
1.5-4b,effusion,0,pre-registered,yes/no answers only,0,0,,,,,0,,,
1.5-4b,effusion,0,pre-registered,source below the classifier thresholds,99,99,1.0,1.0,1.0,0.9701933262266484,99,0.08080808080808081,0.030303030303030304,0.13131313131313133
1.5-4b,effusion,1,0.5,all,158,158,1.0,1.0,1.0,0.9812182855707583,158,0.0379746835443038,0.012658227848101266,0.0759493670886076
1.5-4b,effusion,1,0.5,yes/no answers only,0,0,,,,,0,,,
1.5-4b,effusion,1,0.5,source below the classifier thresholds,100,100,1.0,1.0,1.0,0.9704869503929592,100,0.01,0.0,0.04
1.5-4b,effusion,1,pre-registered,all,149,149,1.0,1.0,1.0,0.9800951837793148,149,0.08053691275167785,0.040268456375838924,0.12751677852348994
1.5-4b,effusion,1,pre-registered,yes/no answers only,0,0,,,,,0,,,
1.5-4b,effusion,1,pre-registered,source below the classifier thresholds,99,99,1.0,1.0,1.0,0.9701933262266484,99,0.06060606060606061,0.020202020202020204,0.1111111111111111
