image,condition,text,log_odds,p_yes,yes_no_mass,answer,answer_in_text
00000346_000.png,original,"No
",-9.514362,7.377902e-05,0.9838951,no,no
00000346_000.png,growth 0,"No
",-7.654068,0.00047388687,0.897948,no,no
00000346_000.png,growth 0.06,"Based on the chest X-ray provided, it is difficult to definitively determine if there is cardiomegaly without a more detailed assessment by a trained radiologist.",-2.7133598,0.06218961,0.39959365,other,other
00000346_000.png,blank,"No
",-7.844755,0.0003916481,0.9208985,no,no
00000348_003.png,original,"No
",-6.83992,0.0010690449,0.96855724,no,no
00000348_003.png,growth 0,"Yes
",12.003515,0.9999939,0.9991562,yes,yes
00000348_003.png,growth 0.06,"Yes
",12.257408,0.99999523,0.99934334,yes,yes
00000348_003.png,blank,"No
",-8.526552,0.00019809768,0.9473473,no,no
00000408_000.png,original,"Based on the chest X-ray provided, it is difficult to definitively determine if there is cardiomegaly without a more detailed assessment by a trained radiologist.",-0.68229485,0.33574933,0.38525787,other,other
00000408_000.png,growth 0,"Yes
",8.982975,0.9998745,0.98232824,yes,yes
00000408_000.png,growth 0.06,"Yes
",11.768276,0.99999225,0.9983689,yes,yes
00000408_000.png,blank,"No
",-8.149488,0.00028879967,0.9349152,no,no
00001950_001.png,original,"No
",-7.022789,0.00089054235,0.92942464,no,no
00001950_001.png,growth 0,"Yes
",10.344418,0.9999678,0.9929614,yes,yes
00001950_001.png,growth 0.06,"Yes
",14.070606,0.9999993,0.99965715,yes,yes
00001950_001.png,blank,"No
",-8.734755,0.00016086976,0.95796925,no,no
00002081_003.png,original,"No
",-10.585825,2.5271072e-05,0.9933004,no,no
00002081_003.png,growth 0,"Yes
",10.985168,0.9999831,0.9966155,yes,yes
00002081_003.png,growth 0.06,"Yes
",14.554552,0.9999995,0.99983585,yes,yes
00002081_003.png,blank,"No
",-7.755823,0.00042805827,0.9099269,no,no
00002223_001.png,original,"No
",-10.184162,3.776228e-05,0.99377406,no,no
00002223_001.png,growth 0,"No
",-9.964819,4.7023364e-05,0.99380505,no,no
00002223_001.png,growth 0.06,"No
",-8.688799,0.00016843386,0.9854575,no,no
00002223_001.png,blank,"No
",-8.155828,0.00028697497,0.93675184,no,no
00002295_000.png,original,"No
",-9.961695,4.71705e-05,0.9891031,no,no
00002295_000.png,growth 0,"No
",-5.881405,0.0027830945,0.7424699,no,no
00002295_000.png,growth 0.06,"No
",-4.0877876,0.016499506,0.45623136,no,no
00002295_000.png,blank,"No
",-8.402494,0.00022425682,0.9394964,no,no
00002375_000.png,original,"No
",-11.274273,1.2695213e-05,0.99505466,no,no
00002375_000.png,growth 0,"No
",-7.447998,0.0005822676,0.7996417,no,no
00002375_000.png,growth 0.06,"Based on the chest X-ray provided, it appears that the heart size is within normal limits. Therefore, the answer is no.
",1.4864807,0.81554943,0.46512255,other,no
00002375_000.png,blank,"No
",-8.470043,0.0002096119,0.94678366,no,no
00002592_001.png,original,"No
",-8.7073345,0.00016534112,0.98809123,no,no
00002592_001.png,growth 0,"No
",-0.8105774,0.30776748,0.57954365,no,no
00002592_001.png,growth 0.06,"Yes
",5.4466667,0.99570787,0.9488418,yes,yes
00002592_001.png,blank,"No
",-8.526552,0.00019809768,0.9473473,no,no
00002593_001.png,original,"No
",-6.0924873,0.0022546859,0.92808497,no,no
00002593_001.png,growth 0,"No
",-4.8958893,0.007421762,0.8741223,no,no
00002593_001.png,growth 0.06,"Yes
",3.0140038,0.95320284,0.7162672,yes,yes
00002593_001.png,blank,"No
",-7.7514725,0.00042992382,0.9060499,no,no
00002669_000.png,original,"No
",-8.735788,0.00016070357,0.9592493,no,no
00002669_000.png,growth 0,"No
",-2.2355366,0.09660438,0.49191383,no,no
00002669_000.png,growth 0.06,"Yes
",6.2993965,0.998166,0.9193493,yes,yes
00002669_000.png,blank,"No
",-8.402494,0.00022425682,0.9394964,no,no
00002944_000.png,original,"No.
",-8.465458,0.00021057505,0.84285897,no,no
00002944_000.png,growth 0,"Based on the chest X-ray image, it is difficult to definitively determine if there is cardiomegaly without a more detailed assessment by a trained radiologist.",-5.2058563,0.0054544373,0.32933798,other,other
00002944_000.png,growth 0.06,"Based on the chest X-ray image, it appears that the heart size is within normal limits. Therefore, cardiomegaly is not evident.

Answer:",-0.6729908,0.3378275,0.07195402,other,other
00002944_000.png,blank,"No
",-7.755823,0.00042805827,0.9099269,no,no
00003084_001.png,original,"No
",-7.2835007,0.00068630587,0.89243394,no,no
00003084_001.png,growth 0,"Yes
",6.5645313,0.99859244,0.8731435,yes,yes
00003084_001.png,growth 0.06,"Yes
",9.669481,0.9999368,0.9758053,yes,yes
00003084_001.png,blank,"No
",-8.748705,0.0001586415,0.9505551,no,no
00003228_001.png,original,"Yes
",2.5539093,0.9278357,0.7600314,yes,yes
00003228_001.png,growth 0,"Yes
",10.09586,0.99995875,0.9960246,yes,yes
00003228_001.png,growth 0.06,"Yes
",13.43346,0.99999857,0.9997194,yes,yes
00003228_001.png,blank,"No
",-7.985651,0.00034019508,0.9203048,no,no
00003245_000.png,original,"No
",-7.9920597,0.0003380226,0.92367744,no,no
00003245_000.png,growth 0,"Yes
",8.897505,0.99986327,0.9725958,yes,yes
00003245_000.png,growth 0.06,"Yes
",12.643833,0.9999968,0.99802244,yes,yes
00003245_000.png,blank,"No
",-8.4906845,0.00020533048,0.9404129,no,no
00003331_001.png,original,"No
",-9.779249,5.661108e-05,0.9993046,no,no
00003331_001.png,growth 0,"No
",-5.661768,0.003464322,0.9179047,no,no
00003331_001.png,growth 0.06,"No
",-1.226965,0.22671306,0.55010235,no,no
00003331_001.png,blank,"No
",-8.301132,0.000248174,0.9336866,no,no
00003659_005.png,original,No,-11.198837,1.3689919e-05,0.9759752,no,no
00003659_005.png,growth 0,No,-9.635445,6.5365886e-05,0.85791343,no,no
00003659_005.png,growth 0.06,"Based on the chest X-ray provided, it is difficult to definitively determine if there is cardiomegaly without a more detailed assessment by a trained radiologist.",-5.043991,0.006406653,0.20300525,other,other
00003659_005.png,blank,"No
",-8.567986,0.00019005907,0.94294715,no,no
00004082_001.png,original,"No
",-8.393875,0.00022619765,0.9130658,no,no
00004082_001.png,growth 0,"Based on the chest X-ray provided, it is difficult to definitively determine if there is cardiomegaly without a more detailed assessment by a trained radiologist.",-1.2894478,0.21594629,0.20230511,other,other
00004082_001.png,growth 0.06,"Yes
",10.453161,0.99997115,0.98505425,yes,yes
00004082_001.png,blank,"No
",-7.915491,0.00036491136,0.92179567,no,no
00004093_002.png,original,"No
",-7.4601097,0.0005752619,0.9539811,no,no
00004093_002.png,growth 0,"No
",-6.5689526,0.0014013002,0.85607994,no,no
00004093_002.png,growth 0.06,"Based on the chest X-ray provided, it appears that the heart size is within normal limits. Therefore, cardiomegaly is not evident in this image.",1.6027317,0.8323999,0.38295498,other,other
00004093_002.png,blank,"No
",-7.7702694,0.00042192146,0.9086735,no,no
00004176_001.png,original,"No
",-9.462074,7.773912e-05,0.9932516,no,no
00004176_001.png,growth 0,"Yes
",5.2025757,0.99452776,0.9406631,yes,yes
00004176_001.png,growth 0.06,"Yes
",8.843943,0.99985576,0.99257207,yes,yes
00004176_001.png,blank,"No
",-8.498276,0.00020377798,0.94412994,no,no
00004497_004.png,original,"No
",-8.054026,0.0003177189,0.95471394,no,no
00004497_004.png,growth 0,"Yes
",10.847004,0.99998057,0.9957342,yes,yes
00004497_004.png,growth 0.06,"Yes
",12.752487,0.99999714,0.9992625,yes,yes
00004497_004.png,blank,"No
",-8.567986,0.00019005907,0.94294715,no,no
00004698_002.png,original,"No
",-9.600746,6.767364e-05,0.9917508,no,no
00004698_002.png,growth 0,"Based on the chest X-ray image, the heart size appears to be within normal limits. Therefore, the answer is no.
",0.22834015,0.5568383,0.3515572,other,no
00004698_002.png,growth 0.06,"Yes
",11.079123,0.9999846,0.9956113,yes,yes
00004698_002.png,blank,"No
",-7.8230267,0.00040024766,0.9035019,no,no
00004730_000.png,original,"Based on the chest X-ray provided, the heart size appears to be within normal limits. Therefore, cardiomegaly is not evident in this image.

",0.98896027,0.7288825,0.21518297,other,other
00004730_000.png,growth 0,"Based on the chest X-ray provided, it appears that the heart size is within normal limits. Therefore, cardiomegaly is not evident in this image.",2.591734,0.9303277,0.18320453,other,other
00004730_000.png,growth 0.06,"Yes
",6.394762,0.99833256,0.61179453,yes,yes
00004730_000.png,blank,"No
",-8.498276,0.00020377798,0.94412994,no,no
00004758_000.png,original,"No
",-10.16238,3.85938e-05,0.97194606,no,no
00004758_000.png,growth 0,"No
",-8.511343,0.000201133,0.8234912,no,no
00004758_000.png,growth 0.06,"Based on the chest X-ray provided, it is difficult to definitively determine if cardiomegaly is present without a more detailed assessment by a trained radiologist.",-4.537464,0.010587219,0.40839604,other,other
00004758_000.png,blank,"No
",-8.404299,0.00022385264,0.9479935,no,no
00006330_000.png,original,"No
",-10.954273,1.748284e-05,0.99748003,no,no
00006330_000.png,growth 0,"No
",-10.430342,2.9522107e-05,0.9932172,no,no
00006330_000.png,growth 0.06,"No
",-10.045446,4.3380962e-05,0.9874188,no,no
00006330_000.png,blank,"No
",-8.498276,0.00020377798,0.94412994,no,no
00007265_002.png,original,"No
",-11.273655,1.2703061e-05,0.9990048,no,no
00007265_002.png,growth 0,"No
",-11.1764145,1.4000347e-05,0.9987339,no,no
00007265_002.png,growth 0.06,"No
",-11.095951,1.5173406e-05,0.99873346,no,no
00007265_002.png,blank,"No
",-8.748705,0.0001586415,0.9505551,no,no
00007944_005.png,original,"Yes
",12.040041,0.99999404,0.9977556,yes,yes
00007944_005.png,growth 0,"Yes
",11.740896,0.999992,0.9974282,yes,yes
00007944_005.png,growth 0.06,"Yes
",13.729597,0.9999989,0.9993606,yes,yes
00007944_005.png,blank,"No
",-8.232416,0.00026582243,0.94701463,no,no
00008473_006.png,original,"No
",-10.523962,2.6883741e-05,0.9990025,no,no
00008473_006.png,growth 0,"No
",-8.553944,0.00019274617,0.9931628,no,no
00008473_006.png,growth 0.06,"No
",-8.723639,0.00016266767,0.99610907,no,no
00008473_006.png,blank,"No
",-8.734755,0.00016086976,0.95796925,no,no
00008832_000.png,original,"Yes
",10.32515,0.9999672,0.9959254,yes,yes
00008832_000.png,growth 0,"Yes
",13.209248,0.9999982,0.9994858,yes,yes
00008832_000.png,growth 0.06,"Yes
",14.085388,0.9999993,0.99983364,yes,yes
00008832_000.png,blank,"No
",-8.261831,0.0002581191,0.935769,no,no
00009638_025.png,original,"Yes
",13.835096,0.99999905,0.999726,yes,yes
00009638_025.png,growth 0,"Yes
",15.677061,0.9999999,0.99996614,yes,yes
00009638_025.png,growth 0.06,"Yes
",15.865232,0.9999999,0.9999732,yes,yes
00009638_025.png,blank,"No
",-7.8858757,0.00037587588,0.9188188,no,no
00009771_000.png,original,"Based on the chest X-ray provided, it appears that the heart size is within normal limits. Therefore, cardiomegaly is not evident in this image.",1.171423,0.76340216,0.18626004,other,other
00009771_000.png,growth 0,"Yes
",10.503265,0.9999726,0.98531395,yes,yes
00009771_000.png,growth 0.06,"Yes
",12.062817,0.9999943,0.9974512,yes,yes
00009771_000.png,blank,"No
",-8.182465,0.00027943408,0.93910146,no,no
00009981_000.png,original,"No
",-5.685892,0.0033820274,0.88502765,no,no
00009981_000.png,growth 0,"Yes
",5.8495216,0.997127,0.87048477,yes,yes
00009981_000.png,growth 0.06,"Yes
",13.268383,0.99999833,0.99877334,yes,yes
00009981_000.png,blank,"No
",-8.748705,0.0001586415,0.9505551,no,no
00010334_005.png,original,"No
",-7.83008,0.00039743565,0.88718367,no,no
00010334_005.png,growth 0,"Yes
",6.1242867,0.9978157,0.9054551,yes,yes
00010334_005.png,growth 0.06,"Yes
",10.76473,0.9999789,0.99558485,yes,yes
00010334_005.png,blank,"No
",-7.863615,0.00038433366,0.92145973,no,no
00011465_000.png,original,"No
",-10.859331,1.9224011e-05,0.9934175,no,no
00011465_000.png,growth 0,"No
",-10.344126,3.218024e-05,0.987752,no,no
00011465_000.png,growth 0.06,"No
",-10.014059,4.476411e-05,0.9825711,no,no
00011465_000.png,blank,"No
",-7.8034153,0.00040817133,0.9242476,no,no
00011470_006.png,original,"No
",-9.548044,7.133557e-05,0.995945,no,no
00011470_006.png,growth 0,"No
",-8.327475,0.00024172342,0.96721977,no,no
00011470_006.png,growth 0.06,"No
",-8.267616,0.00025663056,0.96406114,no,no
00011470_006.png,blank,"No
",-7.784851,0.0004158163,0.9091006,no,no
00011504_023.png,original,"No
",-6.9757423,0.0009334004,0.9032804,no,no
00011504_023.png,growth 0,"No
",-4.867796,0.0076316074,0.76537377,no,no
00011504_023.png,growth 0.06,"Yes
",9.728867,0.9999405,0.99410874,yes,yes
00011504_023.png,blank,"No
",-7.784851,0.0004158163,0.9091006,no,no
00011633_001.png,original,"No
",-8.62768,0.00017904758,0.96731937,no,no
00011633_001.png,growth 0,"No
",-2.6866188,0.06376758,0.5223326,no,no
00011633_001.png,growth 0.06,"Yes
",5.5803413,0.9962429,0.86680216,yes,yes
00011633_001.png,blank,"No
",-7.943199,0.0003549427,0.91927,no,no
00012161_007.png,original,"No
",-7.773554,0.0004205385,0.822428,no,no
00012161_007.png,growth 0,"Yes
",12.856913,0.9999974,0.99904335,yes,yes
00012161_007.png,growth 0.06,"Yes
",13.904997,0.99999905,0.9994317,yes,yes
00012161_007.png,blank,"No
",-8.691404,0.00016799566,0.9579969,no,no
00012296_000.png,original,"No
",-10.462988,2.857391e-05,0.9905166,no,no
00012296_000.png,growth 0,"No
",-10.514011,2.7152579e-05,0.98474985,no,no
00012296_000.png,growth 0.06,"No
",-9.815842,5.4577093e-05,0.9639676,no,no
00012296_000.png,blank,"No
",-7.863615,0.00038433366,0.92145973,no,no
00012372_005.png,original,"No
",-8.08033,0.00030947308,0.85213464,no,no
00012372_005.png,growth 0,"Yes
",12.946718,0.9999976,0.99905497,yes,yes
00012372_005.png,growth 0.06,"Yes
",13.8024235,0.99999905,0.99960834,yes,yes
00012372_005.png,blank,"No
",-7.856592,0.00038704125,0.9161946,no,no
00012646_014.png,original,"Yes
",13.47592,0.99999857,0.9990582,yes,yes
00012646_014.png,growth 0,"Yes
",14.4537525,0.9999995,0.99965554,yes,yes
00012646_014.png,growth 0.06,"Yes
",14.89337,0.99999964,0.9997894,yes,yes
00012646_014.png,blank,"No
",-7.967642,0.00034637508,0.9211076,no,no
00013342_003.png,original,"No
",-10.99988,1.6703427e-05,0.9966976,no,no
00013342_003.png,growth 0,"No
",-10.234959,3.5892055e-05,0.9926255,no,no
00013342_003.png,growth 0.06,"No
",-9.63117,6.564587e-05,0.98045444,no,no
00013342_003.png,blank,"No
",-7.943199,0.0003549427,0.91927,no,no
00013421_000.png,original,"No
",-10.373068,3.1262254e-05,0.99398804,no,no
00013421_000.png,growth 0,"No
",-10.110941,4.0630905e-05,0.99016434,no,no
00013421_000.png,growth 0.06,"No
",-9.91807,4.9273745e-05,0.98408604,no,no
00013421_000.png,blank,"No
",-7.7514725,0.00042992382,0.9060499,no,no
00013640_000.png,original,"No
",-9.852324,5.2622003e-05,0.98982936,no,no
00013640_000.png,growth 0,"No
",-10.117086,4.0381987e-05,0.99015105,no,no
00013640_000.png,growth 0.06,"No
",-9.844635,5.3028125e-05,0.9855688,no,no
00013640_000.png,blank,"No
",-7.900013,0.00037060134,0.92810357,no,no
00013643_000.png,original,"No
",-8.636839,0.00017741547,0.99597985,no,no
00013643_000.png,growth 0,"No
",-7.7681217,0.0004228282,0.99445933,no,no
00013643_000.png,growth 0.06,"No
",-4.718914,0.008845917,0.95161426,no,no
00013643_000.png,blank,"No
",-7.831133,0.00039701757,0.92166626,no,no
00013980_000.png,original,"No
",-10.423836,2.9714794e-05,0.9809286,no,no
00013980_000.png,growth 0,"No
",-6.3184032,0.0017995755,0.60260755,no,no
00013980_000.png,growth 0.06,"Yes
",5.249153,0.9947754,0.76638645,yes,yes
00013980_000.png,blank,"No
",-7.944626,0.00035443684,0.91037697,no,no
00014343_000.png,original,"No
",-9.861824,5.2124466e-05,0.9884897,no,no
00014343_000.png,growth 0,"No
",-8.5426235,0.00019494005,0.96354246,no,no
00014343_000.png,growth 0.06,"No
",-5.7263336,0.0032484173,0.7524798,no,no
00014343_000.png,blank,"No
",-7.841013,0.00039311586,0.91587836,no,no
00014637_002.png,original,"No.
",-10.394718,3.059271e-05,0.9721725,no,no
00014637_002.png,growth 0,"Yes
",9.494543,0.9999248,0.9692189,yes,yes
00014637_002.png,growth 0.06,"Yes
",12.395466,0.9999958,0.9980164,yes,yes
00014637_002.png,blank,"No
",-7.841013,0.00039311586,0.91587836,no,no
00014666_000.png,original,"No
",-9.93782,4.8310158e-05,0.99714917,no,no
00014666_000.png,growth 0,"No
",-8.16201,0.00028520697,0.983961,no,no
00014666_000.png,growth 0.06,"Yes
",1.3693619,0.79727703,0.5591887,yes,yes
00014666_000.png,blank,"No
",-7.880066,0.00037806513,0.91670674,no,no
00014779_000.png,original,"No
",-10.529213,2.6742948e-05,0.99624914,no,no
00014779_000.png,growth 0,"No
",-8.458435,0.00021205875,0.9773722,no,no
00014779_000.png,growth 0.06,"No
",-7.7350807,0.000437026,0.9525157,no,no
00014779_000.png,blank,"No
",-8.00182,0.00033474067,0.91050065,no,no
00014976_001.png,original,"Yes
",13.173912,0.9999981,0.998441,yes,yes
00014976_001.png,growth 0,"Yes
",14.392805,0.9999994,0.9990719,yes,yes
00014976_001.png,growth 0.06,"Yes
",14.785236,0.99999964,0.9995618,yes,yes
00014976_001.png,blank,"No
",-7.943199,0.0003549427,0.91927,no,no
00015170_005.png,original,"No
",-10.692055,2.272426e-05,0.9822467,no,no
00015170_005.png,growth 0,"No
",-9.8804035,5.1165007e-05,0.9475498,no,no
00015170_005.png,growth 0.06,"No.
",-5.715267,0.003284447,0.5098075,no,no
00015170_005.png,blank,"No
",-7.863615,0.00038433366,0.92145973,no,no
00015391_000.png,original,"No
",-10.195486,3.733709e-05,0.9826109,no,no
00015391_000.png,growth 0,"No.
",-7.2202187,0.0007311075,0.59859204,no,no
00015391_000.png,growth 0.06,"Based on the chest X-ray image, it is difficult to definitively determine if there is cardiomegaly without more information and a comparison to a normal heart size",-4.318903,0.013139537,0.22940056,other,other
00015391_000.png,blank,"No
",-9.221294,9.890079e-05,0.972959,no,no
00016023_004.png,original,"No
",-10.472303,2.8308974e-05,0.9940869,no,no
00016023_004.png,growth 0,"No
",-10.402334,3.0360607e-05,0.98617893,no,no
00016023_004.png,growth 0.06,"No
",-10.269871,3.4660654e-05,0.9776797,no,no
00016023_004.png,blank,"No
",-7.784851,0.0004158163,0.9091006,no,no
00016229_000.png,original,"No
",-10.711521,2.2286189e-05,0.992146,no,no
00016229_000.png,growth 0,"No
",-6.5538845,0.0014225446,0.80276316,no,no
00016229_000.png,growth 0.06,"No
",-2.268858,0.09373519,0.46206307,no,no
00016229_000.png,blank,"No
",-7.943199,0.0003549427,0.91927,no,no
00017128_000.png,original,"No
",-11.05422,1.5819993e-05,0.98273796,no,no
00017128_000.png,growth 0,"No
",-10.469919,2.8376546e-05,0.9709722,no,no
00017128_000.png,growth 0.06,"No
",-9.356077,8.643104e-05,0.8687531,no,no
00017128_000.png,blank,"No
",-7.880066,0.00037806513,0.91670674,no,no
00017419_000.png,original,"No
",-8.834484,0.00014560258,0.90545714,no,no
00017419_000.png,growth 0,"Yes
",7.728676,0.9995602,0.8733548,yes,yes
00017419_000.png,growth 0.06,"Yes
",8.858461,0.9998578,0.9196779,yes,yes
00017419_000.png,blank,"No
",-7.7334957,0.00043771893,0.9057795,no,no
00017467_011.png,original,"No
",-9.827187,5.3961456e-05,0.984182,no,no
00017467_011.png,growth 0,"No
",-8.00654,0.00033316473,0.9601746,no,no
00017467_011.png,growth 0.06,"No
",-8.087282,0.00030732967,0.9501408,no,no
00017467_011.png,blank,"No
",-7.7542286,0.00042874107,0.9121168,no,no
00017512_000.png,original,"No
",-10.191504,3.7486076e-05,0.9894065,no,no
00017512_000.png,growth 0,"No
",-10.514767,2.7132079e-05,0.97805244,no,no
00017512_000.png,growth 0.06,"Based on the chest X-ray image, it is difficult to definitively determine if there is cardiomegaly without a more detailed analysis and comparison to standard measurements.",-5.051607,0.006358354,0.41543758,other,other
00017512_000.png,blank,"No
",-7.8230267,0.00040024766,0.9035019,no,no
00017758_000.png,original,"Yes
",3.320425,0.9651229,0.8024043,yes,yes
00017758_000.png,growth 0,"Yes
",10.79047,0.9999794,0.99563146,yes,yes
00017758_000.png,growth 0.06,"Yes
",13.497061,0.99999857,0.9996014,yes,yes
00017758_000.png,blank,"No
",-8.526552,0.00019809768,0.9473473,no,no
00017862_007.png,original,"No
",-5.861662,0.0028384295,0.78524095,no,no
00017862_007.png,growth 0,"Based on the chest X-ray image, it appears that the heart size is within normal limits. Therefore, cardiomegaly is not evident.

Answer:",-1.8943787,0.13074602,0.37274572,other,other
00017862_007.png,growth 0.06,"Yes
",6.778494,0.99886334,0.9164408,yes,yes
00017862_007.png,blank,"No
",-7.8064537,0.00040693354,0.9250837,no,no
00018117_008.png,original,"No
",-4.1427574,0.015630806,0.88657576,no,no
00018117_008.png,growth 0,"Yes
",8.183384,0.99972075,0.9933901,yes,yes
00018117_008.png,growth 0.06,"Yes
",10.956877,0.9999826,0.99888146,yes,yes
00018117_008.png,blank,"No
",-7.755823,0.00042805827,0.9099269,no,no
00018174_000.png,original,"Yes
",2.8913555,0.9474174,0.78471035,yes,yes
00018174_000.png,growth 0,"Yes
",8.709856,0.999835,0.9898237,yes,yes
00018174_000.png,growth 0.06,"Yes
",12.656048,0.9999968,0.9996248,yes,yes
00018174_000.png,blank,"No
",-7.8230267,0.00040024766,0.9035019,no,no
00018186_004.png,original,"No
",-9.915079,4.9421327e-05,0.9926617,no,no
00018186_004.png,growth 0,"Yes
",4.792412,0.99177575,0.87819934,yes,yes
00018186_004.png,growth 0.06,"Yes
",10.30991,0.99996674,0.9953964,yes,yes
00018186_004.png,blank,"No
",-7.8064537,0.00040693354,0.9250837,no,no
00018267_000.png,original,"No
",-7.124838,0.00080421625,0.8436651,no,no
00018267_000.png,growth 0,"Yes
",3.3192768,0.96508425,0.4868741,yes,yes
00018267_000.png,growth 0.06,"Yes
",11.125944,0.9999852,0.99563724,yes,yes
00018267_000.png,blank,"No
",-7.7334957,0.00043771893,0.9057795,no,no
00018283_002.png,original,"No
",-9.335609,8.821816e-05,0.9579281,no,no
00018283_002.png,growth 0,"Based on the chest X-ray image, it appears that the heart size is within normal limits. Therefore, cardiomegaly is not evident.

Answer:",-2.055153,0.11353274,0.3748959,other,other
00018283_002.png,growth 0.06,"Yes
",8.21059,0.99972826,0.94854295,yes,yes
00018283_002.png,blank,"No
",-7.7758236,0.0004195855,0.9243824,no,no
00018675_000.png,original,"No
",-9.99275,4.5728175e-05,0.9950814,no,no
00018675_000.png,growth 0,"No
",-7.7561607,0.00042791382,0.9488274,no,no
00018675_000.png,growth 0.06,"No
",-0.9658451,0.27570945,0.568109,no,no
00018675_000.png,blank,"No
",-7.754114,0.0004287901,0.906131,no,no
00018868_000.png,original,"No
",-10.580517,2.5405567e-05,0.996343,no,no
00018868_000.png,growth 0,"No
",-10.590672,2.5148895e-05,0.99631906,no,no
00018868_000.png,growth 0.06,"No
",-10.220196,3.642584e-05,0.9939318,no,no
00018868_000.png,blank,"No
",-7.9256496,0.0003612245,0.9253224,no,no
00019859_000.png,original,"No
",-9.85882,5.2281277e-05,0.94806784,no,no
00019859_000.png,growth 0,"No
",-9.85887,5.2278687e-05,0.9538539,no,no
00019859_000.png,growth 0.06,"No
",-9.620201,6.636987e-05,0.9480352,no,no
00019859_000.png,blank,"No
",-8.00182,0.00033474067,0.91050065,no,no
00020065_012.png,original,"No
",-9.912752,4.953646e-05,0.9786473,no,no
00020065_012.png,growth 0,"No
",-7.990507,0.00033854763,0.80115896,no,no
00020065_012.png,growth 0.06,"Based on the chest X-ray provided, it appears that the heart size is within normal limits. Therefore, cardiomegaly is not evident in this image.",1.7854977,0.85637444,0.2679574,other,other
00020065_012.png,blank,"No
",-7.7702694,0.00042192146,0.9086735,no,no
00020074_003.png,original,"No
",-5.800873,0.0030157908,0.7507471,no,no
00020074_003.png,growth 0,"Yes
",9.762108,0.9999424,0.96729434,yes,yes
00020074_003.png,growth 0.06,"Yes
",12.326267,0.9999956,0.99732643,yes,yes
00020074_003.png,blank,"No
",-7.8064537,0.00040693354,0.9250837,no,no
00020221_000.png,original,"No
",-10.600758,2.4896519e-05,0.99588925,no,no
00020221_000.png,growth 0,"No
",-10.76733,2.1076512e-05,0.996459,no,no
00020221_000.png,growth 0.06,"No
",-10.577347,2.5486226e-05,0.9953757,no,no
00020221_000.png,blank,"No
",-7.863615,0.00038433366,0.92145973,no,no
00021321_014.png,original,"No
",-3.6236649,0.025991136,0.6786351,no,no
00021321_014.png,growth 0,"Yes
",7.167555,0.99922943,0.93539053,yes,yes
00021321_014.png,growth 0.06,"Yes
",13.761507,0.9999989,0.9995583,yes,yes
00021321_014.png,blank,"No
",-7.784851,0.0004158163,0.9091006,no,no
00021334_000.png,original,"No
",-10.785555,2.0695887e-05,0.998851,no,no
00021334_000.png,growth 0,"No
",-9.454508,7.83295e-05,0.99053526,no,no
00021334_000.png,growth 0.06,"No
",-9.03487,0.00011916644,0.98068494,no,no
00021334_000.png,blank,"No
",-7.776907,0.00041913133,0.9060925,no,no
00021359_000.png,original,"No
",-10.250034,3.535504e-05,0.99125177,no,no
00021359_000.png,growth 0,"No
",-9.747118,5.8459493e-05,0.97709155,no,no
00021359_000.png,growth 0.06,"No
",-8.007217,0.00033293926,0.8998851,no,no
00021359_000.png,blank,"No
",-8.038269,0.00032276314,0.9204532,no,no
00021520_000.png,original,"Yes
",6.1708755,0.99791497,0.9641532,yes,yes
00021520_000.png,growth 0,"Yes
",6.4055367,0.9983504,0.96040356,yes,yes
00021520_000.png,growth 0.06,"Yes
",9.183756,0.99989736,0.99119335,yes,yes
00021520_000.png,blank,"No
",-7.856592,0.00038704125,0.9161946,no,no
00021572_022.png,original,"No
",-7.1738663,0.00076576724,0.6936691,no,no
00021572_022.png,growth 0,"Yes
",10.960197,0.9999826,0.98480064,yes,yes
00021572_022.png,growth 0.06,"Yes
",13.017178,0.99999774,0.99797726,yes,yes
00021572_022.png,blank,"No
",-7.8694572,0.00038209572,0.9273482,no,no
00022065_031.png,original,"No
",-10.820425,1.998667e-05,0.99794555,no,no
00022065_031.png,growth 0,"No
",-8.417652,0.00022088396,0.9736439,no,no
00022065_031.png,growth 0.06,"No.
",-6.5579777,0.001416742,0.9121698,no,no
00022065_031.png,blank,"No
",-7.784851,0.0004158163,0.9091006,no,no
00022227_000.png,original,"No
",-11.001747,1.6672268e-05,0.998255,no,no
00022227_000.png,growth 0,"No
",-10.736868,2.1728418e-05,0.997175,no,no
00022227_000.png,growth 0.06,"No
",-10.631905,2.413304e-05,0.9971358,no,no
00022227_000.png,blank,"No
",-7.915491,0.00036491136,0.92179567,no,no
00022251_000.png,original,"No
",-9.983343,4.6160356e-05,0.96730024,no,no
00022251_000.png,growth 0,"No
",-7.637413,0.00048184165,0.7897949,no,no
00022251_000.png,growth 0.06,"Based on the chest X-ray image, the heart size appears to be within normal limits. Therefore, cardiomegaly is not evident.

Answer: No",-3.374424,0.033104412,0.28324774,other,no
00022251_000.png,blank,"No
",-7.927431,0.0003605818,0.90958154,no,no
00022617_000.png,original,"No
",-8.813694,0.0001486609,0.9763144,no,no
00022617_000.png,growth 0,"No
",-3.822691,0.021400861,0.5453421,no,no
00022617_000.png,growth 0.06,"Yes
",4.6344376,0.9903818,0.75726557,yes,yes
00022617_000.png,blank,"No
",-7.7702694,0.00042192146,0.9086735,no,no
00023514_000.png,original,"No
",-10.788006,2.0645226e-05,0.9985566,no,no
00023514_000.png,growth 0,"No
",-8.009489,0.00033218405,0.9594524,no,no
00023514_000.png,growth 0.06,"No
",-5.760084,0.0031409499,0.852315,no,no
00023514_000.png,blank,"No
",-8.155828,0.00028697497,0.93675184,no,no
00023982_000.png,original,"Based on the chest X-ray image, the heart size appears to be within normal limits. Therefore, the answer is no.
",0.3827343,0.59453243,0.24751927,other,no
00023982_000.png,growth 0,"Yes
",5.928993,0.9973459,0.7584534,yes,yes
00023982_000.png,growth 0.06,"Yes
",9.512062,0.9999261,0.9494139,yes,yes
00023982_000.png,blank,"No
",-7.7758236,0.0004195855,0.9243824,no,no
00024072_000.png,original,"No
",-11.265387,1.2808528e-05,0.9995526,no,no
00024072_000.png,growth 0,"No
",-10.230484,3.6053014e-05,0.9984114,no,no
00024072_000.png,growth 0.06,"No
",-10.052277,4.308569e-05,0.99745685,no,no
00024072_000.png,blank,"No
",-8.567986,0.00019005907,0.94294715,no,no
00024301_000.png,original,"No
",-9.180901,0.00010297714,0.97946817,no,no
00024301_000.png,growth 0,"No
",-6.7533836,0.0011655644,0.73221964,no,no
00024301_000.png,growth 0.06,"Based on the chest X-ray provided, it is difficult to definitively determine if there is cardiomegaly without a more detailed assessment by a trained radiologist.",-3.743311,0.023128014,0.40498334,other,other
00024301_000.png,blank,"No
",-7.8064537,0.00040693354,0.9250837,no,no
00024896_000.png,original,"No
",-10.193308,3.7418504e-05,0.9976264,no,no
00024896_000.png,growth 0,"No
",-9.297571,9.1638154e-05,0.98744583,no,no
00024896_000.png,growth 0.06,"No
",-8.234184,0.00026535295,0.9554942,no,no
00024896_000.png,blank,"No
",-7.754114,0.0004287901,0.906131,no,no
00025135_000.png,original,"No
",-11.175858,1.40081465e-05,0.9980308,no,no
00025135_000.png,growth 0,"No
",-10.770851,2.1002437e-05,0.99816084,no,no
00025135_000.png,growth 0.06,"No
",-10.575172,2.5541704e-05,0.9973215,no,no
00025135_000.png,blank,"No
",-8.00182,0.00033474067,0.91050065,no,no
00025263_006.png,original,"No
",-11.05933,1.5739364e-05,0.9983163,no,no
00025263_006.png,growth 0,"No
",-9.61064,6.7007466e-05,0.99453026,no,no
00025263_006.png,growth 0.06,"No
",-9.169888,0.000104117375,0.98702925,no,no
00025263_006.png,blank,"No
",-7.8694572,0.00038209572,0.9273482,no,no
00025673_000.png,original,"No
",-6.3326874,0.0017740981,0.67865,no,no
00025673_000.png,growth 0,"Yes
",4.102844,0.983743,0.5439708,yes,yes
00025673_000.png,growth 0.06,"Yes
",11.04631,0.999984,0.98834395,yes,yes
00025673_000.png,blank,"No
",-7.8034153,0.00040817133,0.9242476,no,no
00026876_010.png,original,"No
",-11.4466305,1.0685305e-05,0.99095565,no,no
00026876_010.png,growth 0,"No
",-8.856161,0.00014248076,0.7873997,no,no
00026876_010.png,growth 0.06,"Based on the chest X-ray image, it is difficult to definitively determine if there is cardiomegaly without a more detailed analysis and comparison to previous images.",-6.59128,0.0013704018,0.35909137,other,other
00026876_010.png,blank,"No
",-8.200632,0.00027440468,0.92631304,no,no
00027155_000.png,original,"No
",-10.650772,2.3681989e-05,0.9954853,no,no
00027155_000.png,growth 0,"No
",-8.073795,0.00031150135,0.92867833,no,no
00027155_000.png,growth 0.06,"No
",-6.0225487,0.002417626,0.74589384,no,no
00027155_000.png,blank,"No
",-7.7702694,0.00042192146,0.9086735,no,no
00027398_000.png,original,"No
",-9.1901455,0.00010202961,0.97634614,no,no
00027398_000.png,growth 0,"No
",-7.9863663,0.00033995195,0.87432915,no,no
00027398_000.png,growth 0.06,"Yes
",3.4721603,0.96988523,0.53458434,yes,yes
00027398_000.png,blank,"No
",-7.9811573,0.00034172676,0.9287244,no,no
00028191_000.png,original,"No
",-10.436008,2.935529e-05,0.99756867,no,no
00028191_000.png,growth 0,"No
",-10.052971,4.3055785e-05,0.99643695,no,no
00028191_000.png,growth 0.06,"No
",-9.678604,6.260492e-05,0.9924862,no,no
00028191_000.png,blank,"No
",-7.7542286,0.00042874107,0.9121168,no,no
00028330_009.png,original,"No
",-8.142355,0.00029086656,0.9889156,no,no
00028330_009.png,growth 0,"Yes
",2.9457417,0.95006186,0.92200416,yes,yes
00028330_009.png,growth 0.06,"Yes
",11.337458,0.9999881,0.9994821,yes,yes
00028330_009.png,blank,"No
",-7.9256496,0.0003612245,0.9253224,no,no
00028644_007.png,original,"Yes
",6.0426273,0.99763024,0.8960014,yes,yes
00028644_007.png,growth 0,"Yes
",14.260319,0.9999994,0.9996915,yes,yes
00028644_007.png,growth 0.06,"Yes
",15.38946,0.99999976,0.9999098,yes,yes
00028644_007.png,blank,"No
",-7.791437,0.00041308784,0.91332406,no,no
00028785_004.png,original,"No
",-9.328207,8.887356e-05,0.9879543,no,no
00028785_004.png,growth 0,"Yes
",7.2348843,0.99927956,0.94961554,yes,yes
00028785_004.png,growth 0.06,"Yes
",13.734768,0.9999989,0.99965066,yes,yes
00028785_004.png,blank,"No
",-7.880066,0.00037806513,0.91670674,no,no
00028870_002.png,original,"No
",-8.6228695,0.0001799108,0.9530696,no,no
00028870_002.png,growth 0,"No
",-8.799419,0.00015079786,0.8839351,no,no
00028870_002.png,growth 0.06,"No
",-8.19828,0.00027505064,0.80450183,no,no
00028870_002.png,blank,"No
",-7.733858,0.0004375604,0.9059881,no,no
00029006_001.png,original,"Yes
",10.783506,0.99997926,0.9955101,yes,yes
00029006_001.png,growth 0,"Yes
",7.292509,0.9993199,0.93877745,yes,yes
00029006_001.png,growth 0.06,"Yes
",11.136402,0.99998546,0.9942959,yes,yes
00029006_001.png,blank,"No
",-7.985651,0.00034019508,0.9203048,no,no
00029169_000.png,original,"No
",-9.407755,8.2078295e-05,0.9921683,no,no
00029169_000.png,growth 0,"Yes
",4.268858,0.98619545,0.80950713,yes,yes
00029169_000.png,growth 0.06,"Yes
",3.5231438,0.9713391,0.72256356,yes,yes
00029169_000.png,blank,"No
",-7.7542286,0.00042874107,0.9121168,no,no
00029901_000.png,original,"No
",-9.587919,6.854721e-05,0.9969227,no,no
00029901_000.png,growth 0,"No
",-6.5260887,0.0014625813,0.9639497,no,no
00029901_000.png,growth 0.06,"No
",-4.4060574,0.012056073,0.8772473,no,no
00029901_000.png,blank,"No
",-7.733858,0.0004375604,0.9059881,no,no
