model,phrasing,images,n,median_p_yes,share_above_threshold,mean_change_log_odds,ci_low,ci_high,median_lung_area_in_mask
4b,0,original,100,3.068895e-06,0.07,0.0,0.0,0.0,19440.0
4b,0,blur sigma 3,100,3.7038661e-06,0.15,0.47222149899999993,0.15684603637499991,0.8667656474749997,18735.5
4b,0,blur sigma 8,100,5.05607635e-05,0.63,4.8918025104,3.7493841945750006,6.137534196309998,14344.0
4b,0,RadEdit sham,100,3.3331638e-06,0.11,0.192545937,-0.3546567641249998,0.6585258308,19473.0
4b,1,original,100,1.1782293749999999e-05,0.19,0.0,0.0,0.0,19440.0
4b,1,blur sigma 3,100,1.83361555e-05,0.29,0.6489461512200002,0.25644757480000013,1.0926160768095001,18735.5
4b,1,blur sigma 8,100,0.0009333609499999999,0.85,6.8427589243,5.4892564604175,8.286360311754997,14344.0
4b,1,RadEdit sham,100,1.77336885e-05,0.28,0.79644966,0.23597114175000003,1.3940976157249998,19473.0
1.5-4b,0,original,100,0.005681223,0.11,0.0,0.0,0.0,19440.0
1.5-4b,0,blur sigma 3,100,0.0085921635,0.22,0.880830963281,0.581744265725,1.2628458919930001,18735.5
1.5-4b,0,blur sigma 8,100,0.22544464,0.76,4.851772899621,3.99505851935305,5.669161320607074,14344.0
1.5-4b,0,RadEdit sham,100,0.0065447162,0.16,0.26649434063099997,-0.13278987816625007,0.6275162601462249,19473.0
1.5-4b,1,original,100,0.0148447665,0.11,0.0,0.0,0.0,19440.0
1.5-4b,1,blur sigma 3,100,0.0216041135,0.21,0.7033987830999999,0.44875788657499993,0.9925512094524999,18735.5
1.5-4b,1,blur sigma 8,100,0.21757037,0.68,3.4657650312000006,2.7734563656199995,4.21797548959,14344.0
1.5-4b,1,RadEdit sham,100,0.0199182235,0.19,0.38802959290000005,0.014460501942500006,0.7375143863324999,19473.0
