group,finding,image,patient_id,level,classifier_cardiomegaly,classifier_effusion,chex_effusion,ctr,lung_area_in_mask
effusion_dose,effusion,00024896_000.png,24896,0.2,0.0017,0.0706,0.0286,0.3913,22328.0
effusion_dose,effusion,00024896_000.png,24896,0.4,0.0021,0.201,0.0378,0.3953,22553.0
effusion_dose,effusion,00024896_000.png,24896,0.6,0.0042,0.5925,0.0644,0.3974,22452.0
effusion_dose,effusion,00024896_000.png,24896,0.8,0.0174,0.8,0.2797,0.3938,21408.0
effusion_dose,effusion,00024896_000.png,24896,1.0,0.0118,0.8611,0.6962,0.3886,20784.0
effusion_dose,effusion,00009330_000.png,9330,0.2,0.0074,0.1699,0.3107,0.3527,30778.0
effusion_dose,effusion,00009330_000.png,9330,0.4,0.0128,0.3231,0.354,0.3581,31196.0
effusion_dose,effusion,00009330_000.png,9330,0.6,0.0159,0.4646,0.5104,0.363,31807.0
effusion_dose,effusion,00009330_000.png,9330,0.8,0.0209,0.6441,0.6537,0.363,32215.0
effusion_dose,effusion,00009330_000.png,9330,1.0,0.0309,0.6695,0.647,0.4115,28951.0
effusion_dose,effusion,00030775_000.png,30775,0.2,0.5019,0.5409,0.7332,0.4986,18262.0
effusion_dose,effusion,00030775_000.png,30775,0.4,0.514,0.8095,0.7409,0.5042,16871.0
effusion_dose,effusion,00030775_000.png,30775,0.6,0.5275,0.9077,0.7629,0.4958,14315.0
effusion_dose,effusion,00030775_000.png,30775,0.8,0.5194,0.8634,0.7265,0.5365,13664.0
effusion_dose,effusion,00030775_000.png,30775,1.0,0.5304,0.9132,0.7849,0.5226,11509.0
effusion_dose,effusion,00024020_000.png,24020,0.2,0.0983,0.6907,0.1205,0.4915,17676.0
effusion_dose,effusion,00024020_000.png,24020,0.4,0.1502,0.8915,0.1752,0.4957,17713.0
effusion_dose,effusion,00024020_000.png,24020,0.6,0.1976,0.6767,0.2423,0.4914,16809.0
effusion_dose,effusion,00024020_000.png,24020,0.8,0.1878,0.7414,0.2293,0.4914,17114.0
effusion_dose,effusion,00024020_000.png,24020,1.0,0.1653,0.7672,0.2403,0.4914,17215.0
effusion_dose,effusion,00007274_000.png,7274,0.2,0.0009,0.0093,0.0155,0.3654,25201.0
effusion_dose,effusion,00007274_000.png,7274,0.4,0.0009,0.2797,0.0162,0.3682,24221.0
effusion_dose,effusion,00007274_000.png,7274,0.6,0.0017,0.5116,0.0227,0.3659,23173.0
effusion_dose,effusion,00007274_000.png,7274,0.8,0.0022,0.6354,0.0327,0.3625,23195.0
effusion_dose,effusion,00007274_000.png,7274,1.0,0.0049,0.7968,0.0674,0.3605,21142.0
effusion_dose,effusion,00014637_002.png,14637,0.2,0.0421,0.1112,0.1498,0.4315,20731.0
effusion_dose,effusion,00014637_002.png,14637,0.4,0.0607,0.2029,0.2122,0.4264,21592.0
effusion_dose,effusion,00014637_002.png,14637,0.6,0.0596,0.2261,0.2433,0.4239,21554.0
effusion_dose,effusion,00014637_002.png,14637,0.8,0.0614,0.2638,0.3528,0.4239,21673.0
effusion_dose,effusion,00014637_002.png,14637,1.0,0.0696,0.2672,0.4481,0.4278,21699.0
effusion_dose,effusion,00010987_000.png,10987,0.2,0.0018,0.5431,0.0435,0.4077,18544.0
effusion_dose,effusion,00010987_000.png,10987,0.4,0.0025,0.6126,0.0525,0.4084,18142.0
effusion_dose,effusion,00010987_000.png,10987,0.6,0.0049,0.7594,0.046,0.4054,17761.0
effusion_dose,effusion,00010987_000.png,10987,0.8,0.0038,0.9286,0.1057,0.397,17910.0
effusion_dose,effusion,00010987_000.png,10987,1.0,0.0122,0.9583,0.2173,0.4269,18172.0
effusion_dose,effusion,00015910_000.png,15910,0.2,0.0667,0.1895,0.1796,0.4365,17435.0
effusion_dose,effusion,00015910_000.png,15910,0.4,0.1118,0.5007,0.2417,0.4459,17385.0
effusion_dose,effusion,00015910_000.png,15910,0.6,0.1511,0.5777,0.4034,0.4592,17996.0
effusion_dose,effusion,00015910_000.png,15910,0.8,0.1376,0.6785,0.436,0.4728,16800.0
effusion_dose,effusion,00015910_000.png,15910,1.0,0.1169,0.974,0.8023,0.4701,17867.0
effusion_dose,effusion,00022979_000.png,22979,0.2,0.0024,0.6704,0.1045,0.4232,12541.0
effusion_dose,effusion,00022979_000.png,22979,0.4,0.0082,0.9682,0.2214,0.4247,12069.0
effusion_dose,effusion,00022979_000.png,22979,0.6,0.0113,0.9666,0.3129,0.4192,11337.0
effusion_dose,effusion,00022979_000.png,22979,0.8,0.0174,0.98,0.5096,0.4124,11404.0
effusion_dose,effusion,00022979_000.png,22979,1.0,0.0162,0.9806,0.5303,0.4192,11383.0
effusion_dose,effusion,00004429_000.png,4429,0.2,0.2818,0.058,0.1913,0.5214,20436.0
effusion_dose,effusion,00004429_000.png,4429,0.4,0.3943,0.5444,0.2012,0.5284,19567.0
effusion_dose,effusion,00004429_000.png,4429,0.6,0.4626,0.7206,0.2586,0.5103,20722.0
effusion_dose,effusion,00004429_000.png,4429,0.8,0.3273,0.9001,0.3027,0.5158,16774.0
effusion_dose,effusion,00004429_000.png,4429,1.0,0.2706,0.8716,0.5608,0.467,19713.0
effusion_dose,effusion,00015816_003.png,15816,0.2,0.0007,0.0065,0.0137,0.4129,20537.0
effusion_dose,effusion,00015816_003.png,15816,0.4,0.0015,0.0746,0.0174,0.415,20667.0
effusion_dose,effusion,00015816_003.png,15816,0.6,0.0022,0.1899,0.0244,0.4188,21135.0
effusion_dose,effusion,00015816_003.png,15816,0.8,0.0042,0.6575,0.099,0.4152,20646.0
effusion_dose,effusion,00015816_003.png,15816,1.0,0.0124,0.9872,0.6516,0.4106,20490.0
effusion_dose,effusion,00020065_012.png,20065,0.2,0.0056,0.5158,0.3109,0.4458,22564.0
effusion_dose,effusion,00020065_012.png,20065,0.4,0.0064,0.5814,0.2763,0.4221,21460.0
effusion_dose,effusion,00020065_012.png,20065,0.6,0.0094,0.635,0.1955,0.4177,19847.0
effusion_dose,effusion,00020065_012.png,20065,0.8,0.0143,0.5815,0.3713,0.4282,19814.0
effusion_dose,effusion,00020065_012.png,20065,1.0,0.0111,0.6779,0.2867,0.4216,20972.0
effusion_dose,effusion,00027398_000.png,27398,0.2,0.3131,0.0031,0.3665,0.4209,18084.0
effusion_dose,effusion,00027398_000.png,27398,0.4,0.2797,0.0389,0.3684,0.4232,17509.0
effusion_dose,effusion,00027398_000.png,27398,0.6,0.2778,0.0683,0.4729,0.417,16494.0
effusion_dose,effusion,00027398_000.png,27398,0.8,0.2738,0.5239,0.5653,0.4129,16920.0
effusion_dose,effusion,00027398_000.png,27398,1.0,0.2519,0.7782,0.6999,0.4633,18578.0
effusion_dose,effusion,00022902_000.png,22902,0.2,0.0963,0.1061,0.0768,0.4872,25278.0
effusion_dose,effusion,00022902_000.png,22902,0.4,0.1459,0.4031,0.1162,0.4692,23245.0
effusion_dose,effusion,00022902_000.png,22902,0.6,0.2551,0.3146,0.0942,0.4554,21900.0
effusion_dose,effusion,00022902_000.png,22902,0.8,0.1639,0.5559,0.0987,0.4345,20725.0
effusion_dose,effusion,00022902_000.png,22902,1.0,0.1722,0.5384,0.0808,0.4197,21382.0
effusion_dose,effusion,00026230_000.png,26230,0.2,0.0005,0.0853,0.0344,0.4356,17429.0
effusion_dose,effusion,00026230_000.png,26230,0.4,0.0013,0.7896,0.0467,0.4383,16257.0
effusion_dose,effusion,00026230_000.png,26230,0.6,0.0016,0.6529,0.0564,0.4308,15326.0
effusion_dose,effusion,00026230_000.png,26230,0.8,0.004,0.7118,0.0612,0.4317,14631.0
effusion_dose,effusion,00026230_000.png,26230,1.0,0.0105,0.7984,0.0958,0.4286,13469.0
effusion_dose,effusion,00024174_000.png,24174,0.2,0.0121,0.1176,0.1294,0.419,14897.0
effusion_dose,effusion,00024174_000.png,24174,0.4,0.0188,0.1738,0.1655,0.4241,14221.0
effusion_dose,effusion,00024174_000.png,24174,0.6,0.0188,0.1126,0.2384,0.4309,14070.0
effusion_dose,effusion,00024174_000.png,24174,0.8,0.0177,0.1032,0.257,0.4282,14637.0
effusion_dose,effusion,00024174_000.png,24174,1.0,0.0609,0.5163,0.5936,0.4293,14257.0
effusion_dose,effusion,00019392_000.png,19392,0.2,0.0605,0.0297,0.058,0.486,13428.0
effusion_dose,effusion,00019392_000.png,19392,0.4,0.1764,0.5651,0.1499,0.5014,12573.0
effusion_dose,effusion,00019392_000.png,19392,0.6,0.2193,0.5155,0.0831,0.4928,13241.0
effusion_dose,effusion,00019392_000.png,19392,0.8,0.2567,0.4594,0.1393,0.4688,12887.0
effusion_dose,effusion,00019392_000.png,19392,1.0,0.2019,0.5315,0.2528,0.4701,13513.0
effusion_dose,effusion,00013421_000.png,13421,0.2,0.001,0.0273,0.0558,0.3613,22254.0
effusion_dose,effusion,00013421_000.png,13421,0.4,0.0019,0.0701,0.0658,0.3588,22367.0
effusion_dose,effusion,00013421_000.png,13421,0.6,0.0027,0.1128,0.0781,0.3608,22673.0
effusion_dose,effusion,00013421_000.png,13421,0.8,0.0036,0.2148,0.1512,0.3625,23251.0
effusion_dose,effusion,00013421_000.png,13421,1.0,0.0097,0.5749,0.257,0.3747,22687.0
effusion_dose,effusion,00008213_000.png,8213,0.2,0.5236,0.1154,0.1174,0.4659,19440.0
effusion_dose,effusion,00008213_000.png,8213,0.4,0.5035,0.576,0.1568,0.47,19109.0
effusion_dose,effusion,00008213_000.png,8213,0.6,0.5212,0.7173,0.2325,0.4704,19754.0
effusion_dose,effusion,00008213_000.png,8213,0.8,0.5101,0.6905,0.2857,0.469,16240.0
effusion_dose,effusion,00008213_000.png,8213,1.0,0.5106,0.8988,0.4366,0.4598,14012.0
effusion_dose,effusion,00030281_000.png,30281,0.2,0.5293,0.3462,0.8282,0.4356,9952.0
effusion_dose,effusion,00030281_000.png,30281,0.4,0.5142,0.4294,0.8287,0.4247,8884.0
effusion_dose,effusion,00030281_000.png,30281,0.6,0.5066,0.5438,0.8295,0.4206,8796.0
effusion_dose,effusion,00030281_000.png,30281,0.8,0.5103,0.5539,0.8307,0.4061,8858.0
effusion_dose,effusion,00030281_000.png,30281,1.0,0.5086,0.6082,0.8329,0.4044,8633.0
effusion_dose,effusion,00020762_001.png,20762,0.2,0.2209,0.1412,0.0817,0.4894,21621.0
effusion_dose,effusion,00020762_001.png,20762,0.4,0.3384,0.3439,0.1067,0.4953,20994.0
effusion_dose,effusion,00020762_001.png,20762,0.6,0.3711,0.5221,0.14,0.5036,20310.0
effusion_dose,effusion,00020762_001.png,20762,0.8,0.2134,0.6372,0.1796,0.5,19695.0
effusion_dose,effusion,00020762_001.png,20762,1.0,0.0877,0.6692,0.4877,0.5121,20597.0
effusion_dose,effusion,00026830_001.png,26830,0.2,0.0032,0.5843,0.1703,0.384,20949.0
effusion_dose,effusion,00026830_001.png,26830,0.4,0.0034,0.6566,0.1522,0.385,20445.0
effusion_dose,effusion,00026830_001.png,26830,0.6,0.0037,0.9459,0.2368,0.388,19449.0
effusion_dose,effusion,00026830_001.png,26830,0.8,0.0088,0.9854,0.4027,0.4079,17758.0
effusion_dose,effusion,00026830_001.png,26830,1.0,0.0118,0.9986,0.5118,0.448,14225.0
effusion_dose,effusion,00011968_000.png,11968,0.2,0.0032,0.7705,0.2405,0.3733,21643.0
effusion_dose,effusion,00011968_000.png,11968,0.4,0.0036,0.8723,0.2131,0.3652,20272.0
effusion_dose,effusion,00011968_000.png,11968,0.6,0.0054,0.8622,0.223,0.3533,19655.0
effusion_dose,effusion,00011968_000.png,11968,0.8,0.0109,0.8757,0.4669,0.3511,19443.0
effusion_dose,effusion,00011968_000.png,11968,1.0,0.023,0.8654,0.4405,0.3438,17671.0
effusion_dose,effusion,00012115_000.png,12115,0.2,0.0052,0.3711,0.0791,0.4322,20687.0
effusion_dose,effusion,00012115_000.png,12115,0.4,0.009,0.5128,0.1043,0.4319,21477.0
effusion_dose,effusion,00012115_000.png,12115,0.6,0.0079,0.5299,0.1389,0.4297,21999.0
effusion_dose,effusion,00012115_000.png,12115,0.8,0.0073,0.8827,0.5223,0.4297,22096.0
effusion_dose,effusion,00012115_000.png,12115,1.0,0.0133,0.9699,0.6632,0.4297,22213.0
effusion_dose,effusion,00003232_001.png,3232,0.2,0.0017,0.5496,0.0501,0.3933,17074.0
effusion_dose,effusion,00003232_001.png,3232,0.4,0.0039,0.9096,0.0791,0.4006,16697.0
effusion_dose,effusion,00003232_001.png,3232,0.6,0.0056,0.9708,0.1245,0.4075,18280.0
effusion_dose,effusion,00003232_001.png,3232,0.8,0.01,0.9932,0.2755,0.4435,18592.0
effusion_dose,effusion,00003232_001.png,3232,1.0,0.0217,0.9973,0.689,0.449,18269.0
effusion_dose,effusion,00012804_008.png,12804,0.2,0.5013,0.826,0.6995,0.5086,24174.0
effusion_dose,effusion,00012804_008.png,12804,0.4,0.4223,0.9097,0.6812,0.505,23625.0
effusion_dose,effusion,00012804_008.png,12804,0.6,0.3612,0.9545,0.6887,0.4836,21929.0
effusion_dose,effusion,00012804_008.png,12804,0.8,0.4192,0.9466,0.7206,0.4899,21403.0
effusion_dose,effusion,00012804_008.png,12804,1.0,0.3284,0.9569,0.7043,0.4887,21471.0
effusion_dose,effusion,00009580_000.png,9580,0.2,0.4508,0.2882,0.5032,0.5012,15207.0
effusion_dose,effusion,00009580_000.png,9580,0.4,0.5299,0.726,0.5387,0.5086,15293.0
effusion_dose,effusion,00009580_000.png,9580,0.6,0.5256,0.9252,0.6068,0.505,14820.0
effusion_dose,effusion,00009580_000.png,9580,0.8,0.5337,0.9893,0.8168,0.5037,14840.0
effusion_dose,effusion,00009580_000.png,9580,1.0,0.5532,0.9725,0.7891,0.5075,14432.0
effusion_dose,effusion,00009995_007.png,9995,0.2,0.2271,0.4128,0.5344,0.4732,17237.0
effusion_dose,effusion,00009995_007.png,9995,0.4,0.3424,0.787,0.7084,0.4716,17547.0
effusion_dose,effusion,00009995_007.png,9995,0.6,0.351,0.9677,0.8023,0.4827,18452.0
effusion_dose,effusion,00009995_007.png,9995,0.8,0.1906,0.9985,0.9195,0.468,18329.0
effusion_dose,effusion,00009995_007.png,9995,1.0,0.2063,0.9986,0.9391,0.4717,18310.0
effusion_dose,effusion,00008745_007.png,8745,0.2,0.2052,0.4104,0.0829,0.4798,18570.0
effusion_dose,effusion,00008745_007.png,8745,0.4,0.3136,0.5993,0.1216,0.4821,17696.0
effusion_dose,effusion,00008745_007.png,8745,0.6,0.3984,0.778,0.1995,0.4886,16930.0
effusion_dose,effusion,00008745_007.png,8745,0.8,0.3855,0.801,0.1813,0.517,17435.0
effusion_dose,effusion,00008745_007.png,8745,1.0,0.3861,0.8875,0.2397,0.5014,16789.0
effusion_dose,effusion,00013643_000.png,13643,0.2,0.0281,0.02,0.0481,0.4577,14086.0
effusion_dose,effusion,00013643_000.png,13643,0.4,0.0434,0.0299,0.0519,0.4643,13356.0
effusion_dose,effusion,00013643_000.png,13643,0.6,0.0838,0.0395,0.0742,0.4802,12277.0
effusion_dose,effusion,00013643_000.png,13643,0.8,0.0764,0.0428,0.144,0.4778,12928.0
effusion_dose,effusion,00013643_000.png,13643,1.0,0.0954,0.4445,0.5812,0.4661,12738.0
effusion_dose,effusion,00024055_000.png,24055,0.2,0.0044,0.1322,0.0114,0.4099,26385.0
effusion_dose,effusion,00024055_000.png,24055,0.4,0.0047,0.5365,0.0112,0.4105,25791.0
effusion_dose,effusion,00024055_000.png,24055,0.6,0.0029,0.6059,0.0159,0.4187,24621.0
effusion_dose,effusion,00024055_000.png,24055,0.8,0.0091,0.5949,0.0136,0.408,19644.0
effusion_dose,effusion,00024055_000.png,24055,1.0,0.0141,0.8393,0.0323,0.409,13815.0
effusion_dose,effusion,00002081_003.png,2081,0.2,0.0788,0.9089,0.5917,0.4377,23567.0
effusion_dose,effusion,00002081_003.png,2081,0.4,0.0885,0.9856,0.7426,0.4181,22507.0
effusion_dose,effusion,00002081_003.png,2081,0.6,0.0772,0.996,0.6063,0.3941,20330.0
effusion_dose,effusion,00002081_003.png,2081,0.8,0.0794,0.9979,0.8212,0.3941,19531.0
effusion_dose,effusion,00002081_003.png,2081,1.0,0.0725,0.9981,0.5828,0.4159,19572.0
effusion_dose,effusion,00007356_002.png,7356,0.2,0.003,0.0042,0.0117,0.4026,18975.0
effusion_dose,effusion,00007356_002.png,7356,0.4,0.0098,0.1074,0.0131,0.4052,18255.0
effusion_dose,effusion,00007356_002.png,7356,0.6,0.0152,0.1854,0.0184,0.4089,17638.0
effusion_dose,effusion,00007356_002.png,7356,0.8,0.0191,0.5119,0.0239,0.4147,18022.0
effusion_dose,effusion,00007356_002.png,7356,1.0,0.0162,0.3615,0.0264,0.4121,17155.0
effusion_dose,effusion,00026876_010.png,26876,0.2,0.0566,0.1951,0.6954,0.3794,13297.0
effusion_dose,effusion,00026876_010.png,26876,0.4,0.0562,0.5153,0.7114,0.381,12337.0
effusion_dose,effusion,00026876_010.png,26876,0.6,0.088,0.5933,0.7477,0.3765,11722.0
effusion_dose,effusion,00026876_010.png,26876,0.8,0.1768,0.8628,0.7803,0.3773,9135.0
effusion_dose,effusion,00026876_010.png,26876,1.0,0.265,0.9287,0.7995,0.3636,7079.0
effusion_dose,effusion,00001895_002.png,1895,0.2,0.0928,0.0121,0.185,0.4861,23570.0
effusion_dose,effusion,00001895_002.png,1895,0.4,0.1201,0.1828,0.3026,0.4564,24352.0
effusion_dose,effusion,00001895_002.png,1895,0.6,0.1447,0.5145,0.4841,0.4431,25018.0
effusion_dose,effusion,00001895_002.png,1895,0.8,0.1513,0.5052,0.5383,0.4395,25269.0
effusion_dose,effusion,00001895_002.png,1895,1.0,0.2102,0.539,0.5551,0.442,25270.0
effusion_dose,effusion,00020048_000.png,20048,0.2,0.023,0.1609,0.0425,0.4318,22579.0
effusion_dose,effusion,00020048_000.png,20048,0.4,0.0443,0.5229,0.069,0.4405,22022.0
effusion_dose,effusion,00020048_000.png,20048,0.6,0.0522,0.5982,0.1081,0.4373,21007.0
effusion_dose,effusion,00020048_000.png,20048,0.8,0.0673,0.6622,0.1093,0.4385,20840.0
effusion_dose,effusion,00020048_000.png,20048,1.0,0.1153,0.8405,0.2988,0.4413,22017.0
effusion_dose,effusion,00020655_000.png,20655,0.2,0.0026,0.5414,0.0332,0.453,16492.0
effusion_dose,effusion,00020655_000.png,20655,0.4,0.0056,0.9747,0.058,0.4624,16457.0
effusion_dose,effusion,00020655_000.png,20655,0.6,0.0093,0.9974,0.6152,0.4551,16967.0
effusion_dose,effusion,00020655_000.png,20655,0.8,0.0139,0.9974,0.8218,0.4493,15809.0
effusion_dose,effusion,00020655_000.png,20655,1.0,0.0276,0.9977,0.8876,0.4522,14664.0
effusion_dose,effusion,00008229_003.png,8229,0.2,0.0015,0.5251,0.0538,0.3925,20540.0
effusion_dose,effusion,00008229_003.png,8229,0.4,0.0021,0.8265,0.0751,0.3957,20560.0
effusion_dose,effusion,00008229_003.png,8229,0.6,0.0043,0.915,0.1846,0.3919,21767.0
effusion_dose,effusion,00008229_003.png,8229,0.8,0.0136,0.9648,0.2215,0.3875,20661.0
effusion_dose,effusion,00008229_003.png,8229,1.0,0.0216,0.8689,0.7214,0.4148,15842.0
effusion_dose,effusion,00007265_002.png,7265,0.2,0.0671,0.2405,0.6031,0.3213,39288.0
effusion_dose,effusion,00007265_002.png,7265,0.4,0.0718,0.5048,0.6711,0.3247,38963.0
effusion_dose,effusion,00007265_002.png,7265,0.6,0.1193,0.5067,0.6753,0.3231,37288.0
effusion_dose,effusion,00007265_002.png,7265,0.8,0.1674,0.5278,0.7006,0.3176,35205.0
effusion_dose,effusion,00007265_002.png,7265,1.0,0.0903,0.5734,0.7199,0.3221,35056.0
effusion_dose,effusion,00025478_000.png,25478,0.2,0.0022,0.0029,0.0301,0.4048,21129.0
effusion_dose,effusion,00025478_000.png,25478,0.4,0.0041,0.0055,0.0349,0.4088,20913.0
effusion_dose,effusion,00025478_000.png,25478,0.6,0.0041,0.0072,0.0602,0.4158,20188.0
effusion_dose,effusion,00025478_000.png,25478,0.8,0.0143,0.7766,0.2642,0.4134,20104.0
effusion_dose,effusion,00025478_000.png,25478,1.0,0.0243,0.9445,0.555,0.4024,20184.0
effusion_dose,effusion,00011022_005.png,11022,0.2,0.5082,0.4816,0.1181,0.5036,17661.0
effusion_dose,effusion,00011022_005.png,11022,0.4,0.5178,0.5217,0.2379,0.5124,17426.0
effusion_dose,effusion,00011022_005.png,11022,0.6,0.5193,0.5706,0.3357,0.5025,17394.0
effusion_dose,effusion,00011022_005.png,11022,0.8,0.5017,0.6059,0.3075,0.5063,17114.0
effusion_dose,effusion,00011022_005.png,11022,1.0,0.319,0.6276,0.3326,0.5165,16902.0
effusion_dose,effusion,00003031_001.png,3031,0.2,0.0998,0.0076,0.0365,0.4467,13511.0
effusion_dose,effusion,00003031_001.png,3031,0.4,0.1216,0.0495,0.0441,0.458,12874.0
effusion_dose,effusion,00003031_001.png,3031,0.6,0.2709,0.3423,0.0687,0.4582,13196.0
effusion_dose,effusion,00003031_001.png,3031,0.8,0.1648,0.8177,0.3529,0.4592,13294.0
effusion_dose,effusion,00003031_001.png,3031,1.0,0.1955,0.7109,0.5237,0.4524,12297.0
effusion_dose,effusion,00026587_000.png,26587,0.2,0.0253,0.0139,0.0171,0.4529,14602.0
effusion_dose,effusion,00026587_000.png,26587,0.4,0.0352,0.0585,0.0267,0.4603,14259.0
effusion_dose,effusion,00026587_000.png,26587,0.6,0.033,0.5092,0.0468,0.4632,15603.0
effusion_dose,effusion,00026587_000.png,26587,0.8,0.0394,0.962,0.5102,0.4593,15880.0
effusion_dose,effusion,00026587_000.png,26587,1.0,0.0424,0.9712,0.6607,0.4581,16394.0
effusion_dose,effusion,00024697_000.png,24697,0.2,0.0058,0.0069,0.0089,0.4414,21970.0
effusion_dose,effusion,00024697_000.png,24697,0.4,0.0103,0.5023,0.0092,0.447,21635.0
effusion_dose,effusion,00024697_000.png,24697,0.6,0.012,0.8142,0.0406,0.4492,21584.0
effusion_dose,effusion,00024697_000.png,24697,0.8,0.011,0.9239,0.0526,0.4529,17334.0
effusion_dose,effusion,00024697_000.png,24697,1.0,0.0119,0.8161,0.0273,0.4643,15004.0
effusion_dose,effusion,00011048_001.png,11048,0.2,0.0554,0.1333,0.277,0.4687,16185.0
effusion_dose,effusion,00011048_001.png,11048,0.4,0.0909,0.3078,0.3605,0.4737,16183.0
effusion_dose,effusion,00011048_001.png,11048,0.6,0.176,0.5001,0.6337,0.4568,16139.0
effusion_dose,effusion,00011048_001.png,11048,0.8,0.1757,0.7553,0.8155,0.4384,16886.0
effusion_dose,effusion,00011048_001.png,11048,1.0,0.2032,0.8168,0.8619,0.4601,16839.0
effusion_dose,effusion,00012727_000.png,12727,0.2,0.1223,0.0409,0.1055,0.4552,29769.0
effusion_dose,effusion,00012727_000.png,12727,0.4,0.138,0.0412,0.1356,0.4442,28403.0
effusion_dose,effusion,00012727_000.png,12727,0.6,0.1666,0.0313,0.1875,0.4293,26738.0
effusion_dose,effusion,00012727_000.png,12727,0.8,0.2124,0.5019,0.2226,0.4372,25561.0
effusion_dose,effusion,00012727_000.png,12727,1.0,0.1925,0.1676,0.209,0.4322,25416.0
effusion_dose,effusion,00014354_000.png,14354,0.2,0.0176,0.8677,0.0905,0.4425,18445.0
effusion_dose,effusion,00014354_000.png,14354,0.4,0.0372,0.984,0.18,0.4518,18455.0
effusion_dose,effusion,00014354_000.png,14354,0.6,0.0463,0.9984,0.5614,0.4428,18448.0
effusion_dose,effusion,00014354_000.png,14354,0.8,0.0548,0.9928,0.2629,0.4587,18172.0
effusion_dose,effusion,00014354_000.png,14354,1.0,0.1018,0.9892,0.4437,0.4862,17264.0
effusion_dose,effusion,00005515_005.png,5515,0.2,0.505,0.5391,0.5,0.3021,30550.0
effusion_dose,effusion,00005515_005.png,5515,0.4,0.5066,0.5506,0.517,0.3013,31843.0
effusion_dose,effusion,00005515_005.png,5515,0.6,0.5009,0.5756,0.5188,0.3021,31735.0
effusion_dose,effusion,00005515_005.png,5515,0.8,0.5026,0.6065,0.6392,0.2992,26279.0
effusion_dose,effusion,00005515_005.png,5515,1.0,0.5036,0.6516,0.602,0.2955,23698.0
effusion_dose,effusion,00022691_000.png,22691,0.2,0.0012,0.3141,0.0194,0.3918,17349.0
effusion_dose,effusion,00022691_000.png,22691,0.4,0.0018,0.6935,0.0341,0.3947,16848.0
effusion_dose,effusion,00022691_000.png,22691,0.6,0.0102,0.9815,0.071,0.3901,15940.0
effusion_dose,effusion,00022691_000.png,22691,0.8,0.0168,0.9662,0.1091,0.3875,15365.0
effusion_dose,effusion,00022691_000.png,22691,1.0,0.0207,0.9433,0.1349,0.3949,15111.0
effusion_dose,effusion,00014562_001.png,14562,0.2,0.0047,0.0248,0.0354,0.3735,17506.0
effusion_dose,effusion,00014562_001.png,14562,0.4,0.0155,0.4289,0.1283,0.3826,16735.0
effusion_dose,effusion,00014562_001.png,14562,0.6,0.0347,0.6469,0.1458,0.389,16397.0
effusion_dose,effusion,00014562_001.png,14562,0.8,0.035,0.707,0.2852,0.389,16600.0
effusion_dose,effusion,00014562_001.png,14562,1.0,0.0293,0.6947,0.4993,0.3821,17066.0
effusion_dose,effusion,00026345_000.png,26345,0.2,0.3806,0.8602,0.546,0.5134,11532.0
effusion_dose,effusion,00026345_000.png,26345,0.4,0.3927,0.9344,0.6868,0.483,11000.0
effusion_dose,effusion,00026345_000.png,26345,0.6,0.4529,0.9208,0.6063,0.4618,11249.0
effusion_dose,effusion,00026345_000.png,26345,0.8,0.4398,0.9881,0.9075,0.4028,10742.0
effusion_dose,effusion,00026345_000.png,26345,1.0,0.491,0.987,0.9229,0.4167,11009.0
effusion_dose,effusion,00002296_000.png,2296,0.2,0.0062,0.0375,0.0358,0.4163,22025.0
effusion_dose,effusion,00002296_000.png,2296,0.4,0.007,0.4501,0.04,0.4208,20838.0
effusion_dose,effusion,00002296_000.png,2296,0.6,0.0117,0.6454,0.0428,0.4269,20420.0
effusion_dose,effusion,00002296_000.png,2296,0.8,0.0106,0.5444,0.066,0.4331,18023.0
effusion_dose,effusion,00002296_000.png,2296,1.0,0.0157,0.5521,0.2867,0.4366,14487.0
effusion_dose,effusion,00003526_001.png,3526,0.2,0.0049,0.5128,0.0304,0.4212,13213.0
effusion_dose,effusion,00003526_001.png,3526,0.4,0.0136,0.7531,0.0681,0.4309,12864.0
effusion_dose,effusion,00003526_001.png,3526,0.6,0.0214,0.9523,0.2831,0.4444,13332.0
effusion_dose,effusion,00003526_001.png,3526,0.8,0.0335,0.9917,0.5214,0.4667,14130.0
effusion_dose,effusion,00003526_001.png,3526,1.0,0.0702,0.998,0.8772,0.4401,13956.0
effusion_dose,effusion,00028579_000.png,28579,0.2,0.0037,0.0378,0.0344,0.3769,17928.0
effusion_dose,effusion,00028579_000.png,28579,0.4,0.0083,0.5872,0.0464,0.3807,17593.0
effusion_dose,effusion,00028579_000.png,28579,0.6,0.0159,0.7409,0.0647,0.375,16951.0
effusion_dose,effusion,00028579_000.png,28579,0.8,0.0228,0.9668,0.1349,0.3683,16897.0
effusion_dose,effusion,00028579_000.png,28579,1.0,0.0365,0.9408,0.4094,0.4442,14945.0
effusion_dose,effusion,00017004_002.png,17004,0.2,0.6508,0.6152,0.2299,0.5427,10107.0
effusion_dose,effusion,00017004_002.png,17004,0.4,0.5296,0.9754,0.352,0.5325,8503.0
effusion_dose,effusion,00017004_002.png,17004,0.6,0.5149,0.9895,0.5271,0.5047,7096.0
effusion_dose,effusion,00017004_002.png,17004,0.8,0.5027,0.9972,0.7042,0.4752,6802.0
effusion_dose,effusion,00017004_002.png,17004,1.0,0.5023,0.9946,0.6265,0.4514,4739.0
effusion_dose,effusion,00000170_000.png,170,0.2,0.0086,0.5247,0.0405,0.3965,18109.0
effusion_dose,effusion,00000170_000.png,170,0.4,0.0143,0.5934,0.066,0.4061,18476.0
effusion_dose,effusion,00000170_000.png,170,0.6,0.0279,0.9235,0.1781,0.4051,18778.0
effusion_dose,effusion,00000170_000.png,170,0.8,0.0612,0.969,0.5854,0.4046,18153.0
effusion_dose,effusion,00000170_000.png,170,1.0,0.0787,0.9456,0.8547,0.3985,17397.0
effusion_dose,effusion,00002210_001.png,2210,0.2,0.0943,0.5036,0.4811,0.4058,18607.0
effusion_dose,effusion,00002210_001.png,2210,0.4,0.1124,0.5088,0.514,0.4296,19362.0
effusion_dose,effusion,00002210_001.png,2210,0.6,0.1065,0.7149,0.7729,0.4189,20200.0
effusion_dose,effusion,00002210_001.png,2210,0.8,0.1903,0.8582,0.8172,0.4248,20095.0
effusion_dose,effusion,00002210_001.png,2210,1.0,0.2684,0.8926,0.8471,0.4102,20130.0
effusion_dose,effusion,00004730_000.png,4730,0.2,0.2045,0.0345,0.0852,0.4792,18387.0
effusion_dose,effusion,00004730_000.png,4730,0.4,0.1166,0.308,0.0981,0.4828,17729.0
effusion_dose,effusion,00004730_000.png,4730,0.6,0.1104,0.5438,0.1254,0.4721,16940.0
effusion_dose,effusion,00004730_000.png,4730,0.8,0.0987,0.9134,0.1397,0.4377,17359.0
effusion_dose,effusion,00004730_000.png,4730,1.0,0.1844,0.9938,0.2676,0.4107,16127.0
effusion_dose,effusion,00004627_001.png,4627,0.2,0.0763,0.0203,0.068,0.3679,24885.0
effusion_dose,effusion,00004627_001.png,4627,0.4,0.0907,0.2672,0.0775,0.3726,22734.0
effusion_dose,effusion,00004627_001.png,4627,0.6,0.1154,0.5126,0.0989,0.3777,21580.0
effusion_dose,effusion,00004627_001.png,4627,0.8,0.1072,0.6176,0.1814,0.3592,20118.0
effusion_dose,effusion,00004627_001.png,4627,1.0,0.1183,0.7236,0.3712,0.3578,20424.0
effusion_dose,effusion,00022251_000.png,22251,0.2,0.0019,0.0864,0.0788,0.4145,13934.0
effusion_dose,effusion,00022251_000.png,22251,0.4,0.0044,0.5114,0.2083,0.4157,14217.0
effusion_dose,effusion,00022251_000.png,22251,0.6,0.0079,0.8288,0.511,0.4206,13666.0
effusion_dose,effusion,00022251_000.png,22251,0.8,0.0117,0.8938,0.517,0.4116,14961.0
effusion_dose,effusion,00022251_000.png,22251,1.0,0.1582,0.9951,0.7147,0.426,11903.0
effusion_dose,effusion,00010546_000.png,10546,0.2,0.0031,0.0357,0.0321,0.4274,13676.0
effusion_dose,effusion,00010546_000.png,10546,0.4,0.01,0.5192,0.0538,0.4314,13469.0
effusion_dose,effusion,00010546_000.png,10546,0.6,0.0154,0.6162,0.0662,0.4319,12282.0
effusion_dose,effusion,00010546_000.png,10546,0.8,0.0166,0.6762,0.0489,0.4425,11513.0
effusion_dose,effusion,00010546_000.png,10546,1.0,0.0207,0.7203,0.1059,0.4645,12198.0
effusion_dose,effusion,00020221_000.png,20221,0.2,1e-04,0.0341,0.0448,0.3144,26528.0
effusion_dose,effusion,00020221_000.png,20221,0.4,0.0005,0.6038,0.0639,0.3167,25663.0
effusion_dose,effusion,00020221_000.png,20221,0.6,0.0007,0.7923,0.1602,0.3189,24315.0
effusion_dose,effusion,00020221_000.png,20221,0.8,0.0016,0.9131,0.281,0.3134,23644.0
effusion_dose,effusion,00020221_000.png,20221,1.0,0.0019,0.9211,0.2776,0.311,23422.0
effusion_dose,effusion,00023982_000.png,23982,0.2,0.0367,0.0034,0.0326,0.4177,19538.0
effusion_dose,effusion,00023982_000.png,23982,0.4,0.0824,0.069,0.045,0.4207,18048.0
effusion_dose,effusion,00023982_000.png,23982,0.6,0.0947,0.1108,0.0623,0.4289,14911.0
effusion_dose,effusion,00023982_000.png,23982,0.8,0.3221,0.1896,0.0682,0.4286,14189.0
effusion_dose,effusion,00023982_000.png,23982,1.0,0.5201,0.4045,0.1398,0.4296,12897.0
effusion_dose,effusion,00007163_000.png,7163,0.2,0.0009,0.0181,0.0137,0.4714,19390.0
effusion_dose,effusion,00007163_000.png,7163,0.4,0.0021,0.5948,0.0174,0.4728,19085.0
effusion_dose,effusion,00007163_000.png,7163,0.6,0.0069,0.8787,0.0408,0.467,20049.0
effusion_dose,effusion,00007163_000.png,7163,0.8,0.0195,0.9914,0.1236,0.4585,19171.0
effusion_dose,effusion,00007163_000.png,7163,1.0,0.0116,0.9938,0.1575,0.4585,18621.0
effusion_dose,effusion,00025817_000.png,25817,0.2,0.0007,0.0101,0.0577,0.3556,21412.0
effusion_dose,effusion,00025817_000.png,25817,0.4,0.0011,0.064,0.0788,0.3556,20567.0
effusion_dose,effusion,00025817_000.png,25817,0.6,0.0022,0.2898,0.088,0.3559,19320.0
effusion_dose,effusion,00025817_000.png,25817,0.8,0.0029,0.5035,0.1335,0.3568,19656.0
effusion_dose,effusion,00025817_000.png,25817,1.0,0.0025,0.5203,0.1929,0.3602,20030.0
effusion_dose,effusion,00015417_001.png,15417,0.2,0.001,0.0485,0.0644,0.3718,26335.0
effusion_dose,effusion,00015417_001.png,15417,0.4,0.0017,0.1417,0.1057,0.3729,25570.0
effusion_dose,effusion,00015417_001.png,15417,0.6,0.0025,0.3791,0.1262,0.3597,25654.0
effusion_dose,effusion,00015417_001.png,15417,0.8,0.0033,0.5013,0.1016,0.363,25498.0
effusion_dose,effusion,00015417_001.png,15417,1.0,0.0045,0.5138,0.1413,0.3759,25264.0
effusion_dose,effusion,00014421_000.png,14421,0.2,0.2294,0.5753,0.171,0.5486,14871.0
effusion_dose,effusion,00014421_000.png,14421,0.4,0.5032,0.8791,0.4275,0.5333,14814.0
effusion_dose,effusion,00014421_000.png,14421,0.6,0.5054,0.8884,0.4308,0.5145,14915.0
effusion_dose,effusion,00014421_000.png,14421,0.8,0.5023,0.8524,0.3799,0.5233,14583.0
effusion_dose,effusion,00014421_000.png,14421,1.0,0.5012,0.8448,0.6214,0.5145,15130.0
effusion_dose,effusion,00009584_000.png,9584,0.2,0.0213,0.0119,0.0384,0.4686,22471.0
effusion_dose,effusion,00009584_000.png,9584,0.4,0.0401,0.44,0.0539,0.4707,20915.0
effusion_dose,effusion,00009584_000.png,9584,0.6,0.0401,0.8111,0.1715,0.4642,20541.0
effusion_dose,effusion,00009584_000.png,9584,0.8,0.0518,0.7911,0.2777,0.4642,19593.0
effusion_dose,effusion,00009584_000.png,9584,1.0,0.0534,0.837,0.4597,0.4712,18328.0
effusion_dose,effusion,00000278_000.png,278,0.2,0.0188,0.3522,0.1111,0.4545,17439.0
effusion_dose,effusion,00000278_000.png,278,0.4,0.0165,0.2886,0.1239,0.4617,17471.0
effusion_dose,effusion,00000278_000.png,278,0.6,0.0364,0.7241,0.2168,0.4639,16864.0
effusion_dose,effusion,00000278_000.png,278,0.8,0.0448,0.9147,0.4257,0.4696,17167.0
effusion_dose,effusion,00000278_000.png,278,1.0,0.0452,0.9847,0.4969,0.4496,18621.0
effusion_dose,effusion,00002311_001.png,2311,0.2,0.0036,0.2656,0.0602,0.3838,23008.0
effusion_dose,effusion,00002311_001.png,2311,0.4,0.0081,0.778,0.0951,0.3832,21931.0
effusion_dose,effusion,00002311_001.png,2311,0.6,0.0147,0.8736,0.3939,0.3852,22850.0
effusion_dose,effusion,00002311_001.png,2311,0.8,0.0204,0.8871,0.63,0.3856,18940.0
effusion_dose,effusion,00002311_001.png,2311,1.0,0.0359,0.9253,0.7997,0.4404,13834.0
effusion_dose,effusion,00008258_000.png,8258,0.2,0.0054,0.0026,0.0853,0.3838,24501.0
effusion_dose,effusion,00008258_000.png,8258,0.4,0.0124,0.0094,0.1063,0.3923,24232.0
effusion_dose,effusion,00008258_000.png,8258,0.6,0.0216,0.0251,0.1206,0.3961,22796.0
effusion_dose,effusion,00008258_000.png,8258,0.8,0.0224,0.1252,0.0633,0.4266,23427.0
effusion_dose,effusion,00008258_000.png,8258,1.0,0.0443,0.1475,0.113,0.4375,23198.0
effusion_dose,effusion,00004142_000.png,4142,0.2,0.0629,0.009,0.1269,0.3535,23580.0
effusion_dose,effusion,00004142_000.png,4142,0.4,0.0814,0.0274,0.1542,0.3562,23704.0
effusion_dose,effusion,00004142_000.png,4142,0.6,0.0935,0.0364,0.1681,0.3485,24211.0
effusion_dose,effusion,00004142_000.png,4142,0.8,0.1534,0.0409,0.2189,0.335,24220.0
effusion_dose,effusion,00004142_000.png,4142,1.0,0.1258,0.0309,0.2811,0.3256,21846.0
effusion_dose,effusion,00025673_000.png,25673,0.2,0.5313,0.3965,0.4795,0.5036,12516.0
effusion_dose,effusion,00025673_000.png,25673,0.4,0.5524,0.5979,0.5576,0.5073,12229.0
effusion_dose,effusion,00025673_000.png,25673,0.6,0.5418,0.5498,0.6363,0.5074,11881.0
effusion_dose,effusion,00025673_000.png,25673,0.8,0.5378,0.5976,0.6184,0.4988,11786.0
effusion_dose,effusion,00025673_000.png,25673,1.0,0.5307,0.6035,0.6229,0.4751,12046.0
effusion_dose,effusion,00000346_000.png,346,0.2,0.0065,0.0353,0.0544,0.4272,17512.0
effusion_dose,effusion,00000346_000.png,346,0.4,0.0202,0.5125,0.0938,0.4358,17408.0
effusion_dose,effusion,00000346_000.png,346,0.6,0.0414,0.5524,0.1333,0.4365,16743.0
effusion_dose,effusion,00000346_000.png,346,0.8,0.0604,0.5114,0.1372,0.4278,16257.0
effusion_dose,effusion,00000346_000.png,346,1.0,0.0498,0.6052,0.2271,0.4235,16870.0
effusion_dose,effusion,00020813_000.png,20813,0.2,0.0289,0.6131,0.2129,0.4201,22215.0
effusion_dose,effusion,00020813_000.png,20813,0.4,0.0256,0.8382,0.2972,0.4245,21817.0
effusion_dose,effusion,00020813_000.png,20813,0.6,0.0347,0.7866,0.2863,0.418,21863.0
effusion_dose,effusion,00020813_000.png,20813,0.8,0.0408,0.8547,0.2993,0.4149,21579.0
effusion_dose,effusion,00020813_000.png,20813,1.0,0.0484,0.8437,0.3284,0.416,21312.0
effusion_dose,effusion,00013269_000.png,13269,0.2,0.434,0.5223,0.1356,0.4667,15830.0
effusion_dose,effusion,00013269_000.png,13269,0.4,0.512,0.6133,0.1925,0.4648,15669.0
effusion_dose,effusion,00013269_000.png,13269,0.6,0.484,0.6779,0.4168,0.4615,15420.0
effusion_dose,effusion,00013269_000.png,13269,0.8,0.5058,0.6188,0.4155,0.4527,16688.0
effusion_dose,effusion,00013269_000.png,13269,1.0,0.5024,0.729,0.5684,0.4431,17222.0
effusion_dose,effusion,00014081_004.png,14081,0.2,0.5229,0.6235,0.6302,0.4797,14815.0
effusion_dose,effusion,00014081_004.png,14081,0.4,0.5493,0.6258,0.7072,0.4804,14676.0
effusion_dose,effusion,00014081_004.png,14081,0.6,0.5277,0.7115,0.6763,0.4679,13564.0
effusion_dose,effusion,00014081_004.png,14081,0.8,0.5454,0.668,0.7274,0.4526,14890.0
effusion_dose,effusion,00014081_004.png,14081,1.0,0.5248,0.9613,0.826,0.537,15805.0
effusion_dose,effusion,00019767_015.png,19767,0.2,0.0445,0.8676,0.724,0.4318,20885.0
effusion_dose,effusion,00019767_015.png,19767,0.4,0.0556,0.9417,0.8199,0.4328,22237.0
effusion_dose,effusion,00019767_015.png,19767,0.6,0.071,0.9513,0.8819,0.4253,23051.0
effusion_dose,effusion,00019767_015.png,19767,0.8,0.061,0.9877,0.8579,0.4263,22925.0
effusion_dose,effusion,00019767_015.png,19767,1.0,0.0607,0.9936,0.8402,0.4263,22936.0
effusion_dose,effusion,00011504_023.png,11504,0.2,0.0552,0.5052,0.0492,0.4797,18264.0
effusion_dose,effusion,00011504_023.png,11504,0.4,0.1001,0.5672,0.0674,0.4896,17880.0
effusion_dose,effusion,00011504_023.png,11504,0.6,0.131,0.5851,0.1072,0.4897,19197.0
effusion_dose,effusion,00011504_023.png,11504,0.8,0.1017,0.9533,0.2076,0.4897,18932.0
effusion_dose,effusion,00011504_023.png,11504,1.0,0.1571,0.9916,0.6773,0.4629,19102.0
effusion_dose,effusion,00007085_000.png,7085,0.2,0.0043,0.0467,0.1059,0.3777,21747.0
effusion_dose,effusion,00007085_000.png,7085,0.4,0.006,0.5026,0.1519,0.3824,22004.0
effusion_dose,effusion,00007085_000.png,7085,0.6,0.0125,0.5966,0.6124,0.3916,22099.0
effusion_dose,effusion,00007085_000.png,7085,0.8,0.0136,0.5978,0.2568,0.3916,17106.0
effusion_dose,effusion,00007085_000.png,7085,1.0,0.0283,0.5065,0.3869,0.4121,14089.0
effusion_dose,effusion,00016830_000.png,16830,0.2,0.1346,0.7614,0.1271,0.4105,9781.0
effusion_dose,effusion,00016830_000.png,16830,0.4,0.1343,0.8692,0.1404,0.409,9636.0
effusion_dose,effusion,00016830_000.png,16830,0.6,0.1504,0.9128,0.1903,0.4069,9517.0
effusion_dose,effusion,00016830_000.png,16830,0.8,0.2099,0.9551,0.5354,0.4092,9988.0
effusion_dose,effusion,00016830_000.png,16830,1.0,0.1987,0.9903,0.6293,0.4368,9666.0
effusion_dose,effusion,00030603_000.png,30603,0.2,0.0238,0.0052,0.0485,0.41,29274.0
effusion_dose,effusion,00030603_000.png,30603,0.4,0.0283,0.0391,0.0675,0.4047,28191.0
effusion_dose,effusion,00030603_000.png,30603,0.6,0.0312,0.0749,0.0724,0.4091,28250.0
effusion_dose,effusion,00030603_000.png,30603,0.8,0.0346,0.1264,0.1462,0.4052,27580.0
effusion_dose,effusion,00030603_000.png,30603,1.0,0.0417,0.3472,0.123,0.4462,27703.0
effusion_dose,effusion,00007375_000.png,7375,0.2,0.0052,0.0018,0.0169,0.436,16325.0
effusion_dose,effusion,00007375_000.png,7375,0.4,0.008,0.0164,0.0189,0.4425,15054.0
effusion_dose,effusion,00007375_000.png,7375,0.6,0.0106,0.0556,0.0214,0.4476,13954.0
effusion_dose,effusion,00007375_000.png,7375,0.8,0.0115,0.0129,0.0371,0.4505,13342.0
effusion_dose,effusion,00007375_000.png,7375,1.0,0.0167,0.0489,0.0724,0.4476,13071.0
effusion_dose,effusion,00000376_001.png,376,0.2,0.0025,0.0037,0.0623,0.361,24274.0
effusion_dose,effusion,00000376_001.png,376,0.4,0.0049,0.0314,0.1064,0.3647,24234.0
effusion_dose,effusion,00000376_001.png,376,0.6,0.0068,0.175,0.1486,0.3568,24045.0
effusion_dose,effusion,00000376_001.png,376,0.8,0.0144,0.3362,0.3632,0.368,24714.0
effusion_dose,effusion,00000376_001.png,376,1.0,0.011,0.4834,0.4108,0.3882,24248.0
effusion_dose,effusion,00014779_000.png,14779,0.2,0.0099,0.4183,0.2116,0.4108,19249.0
effusion_dose,effusion,00014779_000.png,14779,0.4,0.0123,0.5094,0.2631,0.4119,19349.0
effusion_dose,effusion,00014779_000.png,14779,0.6,0.0141,0.512,0.2727,0.4155,18990.0
effusion_dose,effusion,00014779_000.png,14779,0.8,0.0229,0.5248,0.3422,0.4174,18596.0
effusion_dose,effusion,00014779_000.png,14779,1.0,0.0995,0.9614,0.7763,0.4116,17099.0
effusion_dose,effusion,00002219_007.png,2219,0.2,0.071,0.8963,0.1581,0.4371,15582.0
effusion_dose,effusion,00002219_007.png,2219,0.4,0.0924,0.9488,0.3907,0.4331,15300.0
effusion_dose,effusion,00002219_007.png,2219,0.6,0.1054,0.9381,0.7271,0.4101,16009.0
effusion_dose,effusion,00002219_007.png,2219,0.8,0.1139,0.9182,0.5942,0.4051,15658.0
effusion_dose,effusion,00002219_007.png,2219,1.0,0.1573,0.9218,0.597,0.4101,15788.0
effusion_dose,effusion,00002000_007.png,2000,0.2,0.0012,0.1064,0.1616,0.3697,19615.0
effusion_dose,effusion,00002000_007.png,2000,0.4,0.002,0.5928,0.2897,0.372,18839.0
effusion_dose,effusion,00002000_007.png,2000,0.6,0.0037,0.7288,0.3753,0.3777,17557.0
effusion_dose,effusion,00002000_007.png,2000,0.8,0.0067,0.8733,0.4152,0.3781,16793.0
effusion_dose,effusion,00002000_007.png,2000,1.0,0.0073,0.8951,0.2906,0.3774,16297.0
effusion_dose,effusion,00016800_009.png,16800,0.2,0.0048,0.2837,0.094,0.4196,18248.0
effusion_dose,effusion,00016800_009.png,16800,0.4,0.0076,0.5519,0.13,0.4209,17940.0
effusion_dose,effusion,00016800_009.png,16800,0.6,0.0101,0.6276,0.22,0.4236,17966.0
effusion_dose,effusion,00016800_009.png,16800,0.8,0.0182,0.6428,0.3821,0.4026,14641.0
effusion_dose,effusion,00016800_009.png,16800,1.0,0.0369,0.8128,0.592,0.4026,14911.0
effusion_dose,effusion,00016450_001.png,16450,0.2,0.038,0.0789,0.0379,0.4786,16402.0
effusion_dose,effusion,00016450_001.png,16450,0.4,0.0795,0.7931,0.0502,0.4799,16255.0
effusion_dose,effusion,00016450_001.png,16450,0.6,0.1294,0.957,0.1375,0.4743,16419.0
effusion_dose,effusion,00016450_001.png,16450,0.8,0.1871,0.987,0.2636,0.4841,14482.0
effusion_dose,effusion,00016450_001.png,16450,1.0,0.2579,0.9873,0.5793,0.477,13144.0
effusion_dose,effusion,00020074_003.png,20074,0.2,0.3117,0.107,0.1024,0.4743,16476.0
effusion_dose,effusion,00020074_003.png,20074,0.4,0.3087,0.1414,0.1409,0.481,16130.0
effusion_dose,effusion,00020074_003.png,20074,0.6,0.3583,0.172,0.2756,0.4891,15872.0
effusion_dose,effusion,00020074_003.png,20074,0.8,0.238,0.1391,0.2803,0.4877,16314.0
effusion_dose,effusion,00020074_003.png,20074,1.0,0.3557,0.0946,0.1543,0.5012,16165.0
effusion_dose,effusion,00014671_001.png,14671,0.2,0.0032,0.0115,0.0734,0.3922,24110.0
effusion_dose,effusion,00014671_001.png,14671,0.4,0.0042,0.0224,0.0865,0.3961,24484.0
effusion_dose,effusion,00014671_001.png,14671,0.6,0.0083,0.0465,0.1127,0.4,25083.0
effusion_dose,effusion,00014671_001.png,14671,0.8,0.0093,0.0402,0.126,0.3974,25776.0
effusion_dose,effusion,00014671_001.png,14671,1.0,0.0072,0.0453,0.2353,0.4026,24153.0
effusion_dose,effusion,00026204_013.png,26204,0.2,0.0006,0.3076,0.0256,0.3594,25393.0
effusion_dose,effusion,00026204_013.png,26204,0.4,0.0011,0.6758,0.0483,0.3605,25788.0
effusion_dose,effusion,00026204_013.png,26204,0.6,0.0043,0.9951,0.2255,0.3596,27148.0
effusion_dose,effusion,00026204_013.png,26204,0.8,0.0096,0.9929,0.4387,0.3571,27192.0
effusion_dose,effusion,00026204_013.png,26204,1.0,0.0107,0.9913,0.3831,0.3621,27135.0
effusion_dose,effusion,00008076_000.png,8076,0.2,0.0232,0.0028,0.0714,0.3707,29074.0
effusion_dose,effusion,00008076_000.png,8076,0.4,0.0329,0.0073,0.0853,0.3759,27890.0
effusion_dose,effusion,00008076_000.png,8076,0.6,0.037,0.0336,0.0964,0.3668,25932.0
effusion_dose,effusion,00008076_000.png,8076,0.8,0.0493,0.0215,0.1175,0.3647,25050.0
effusion_dose,effusion,00008076_000.png,8076,1.0,0.0571,0.2418,0.1801,0.3708,23423.0
effusion_dose,effusion,00027120_001.png,27120,0.2,0.51,0.5057,0.2697,0.4749,16322.0
effusion_dose,effusion,00027120_001.png,27120,0.4,0.5183,0.5821,0.3712,0.4773,16099.0
effusion_dose,effusion,00027120_001.png,27120,0.6,0.5262,0.6751,0.3719,0.4809,15046.0
effusion_dose,effusion,00027120_001.png,27120,0.8,0.5297,0.7001,0.4614,0.4796,14671.0
effusion_dose,effusion,00027120_001.png,27120,1.0,0.3688,0.8266,0.3841,0.4733,16306.0
effusion_dose,effusion,00027465_005.png,27465,0.2,0.3356,0.9928,0.9264,0.5612,15351.0
effusion_dose,effusion,00027465_005.png,27465,0.4,0.3889,0.9906,0.9221,0.5517,16463.0
effusion_dose,effusion,00027465_005.png,27465,0.6,0.4609,0.9911,0.92,0.5476,16081.0
effusion_dose,effusion,00027465_005.png,27465,0.8,0.4686,0.9924,0.924,0.5707,13695.0
effusion_dose,effusion,00027465_005.png,27465,1.0,0.4428,0.9935,0.899,0.5335,10144.0
effusion_dose,effusion,00002580_004.png,2580,0.2,0.0115,0.023,0.0427,0.4419,15662.0
effusion_dose,effusion,00002580_004.png,2580,0.4,0.0255,0.5166,0.0615,0.4429,14904.0
effusion_dose,effusion,00002580_004.png,2580,0.6,0.0361,0.5446,0.0842,0.4454,15442.0
effusion_dose,effusion,00002580_004.png,2580,0.8,0.0561,0.5914,0.121,0.438,14252.0
effusion_dose,effusion,00002580_004.png,2580,1.0,0.0608,0.6407,0.2103,0.4265,14261.0
effusion_dose,effusion,00022156_000.png,22156,0.2,0.0569,0.0332,0.1336,0.467,26830.0
effusion_dose,effusion,00022156_000.png,22156,0.4,0.2249,0.596,0.2581,0.4704,26633.0
effusion_dose,effusion,00022156_000.png,22156,0.6,0.1872,0.9263,0.4571,0.4578,27048.0
effusion_dose,effusion,00022156_000.png,22156,0.8,0.1885,0.9749,0.5735,0.4351,26282.0
effusion_dose,effusion,00022156_000.png,22156,1.0,0.3403,0.9854,0.7063,0.4173,22402.0
effusion_dose,effusion,00008145_000.png,8145,0.2,0.0149,0.0766,0.0193,0.4118,10936.0
effusion_dose,effusion,00008145_000.png,8145,0.4,0.0196,0.5627,0.0272,0.4143,10403.0
effusion_dose,effusion,00008145_000.png,8145,0.6,0.0245,0.8103,0.0337,0.4143,11239.0
effusion_dose,effusion,00008145_000.png,8145,0.8,0.0485,0.9493,0.0397,0.4143,10734.0
effusion_dose,effusion,00008145_000.png,8145,1.0,0.0872,0.9606,0.154,0.4299,9356.0
effusion_dose,effusion,00005225_000.png,5225,0.2,0.005,0.1234,0.068,0.4062,21611.0
effusion_dose,effusion,00005225_000.png,5225,0.4,0.0141,0.5109,0.0751,0.4163,19279.0
effusion_dose,effusion,00005225_000.png,5225,0.6,0.0275,0.5099,0.0806,0.4137,16675.0
effusion_dose,effusion,00005225_000.png,5225,0.8,0.0415,0.5318,0.0558,0.4141,16909.0
effusion_dose,effusion,00005225_000.png,5225,1.0,0.1525,0.4882,0.0502,0.4073,16332.0
effusion_dose,effusion,00001288_000.png,1288,0.2,0.0082,0.0002,0.0197,0.4286,23870.0
effusion_dose,effusion,00001288_000.png,1288,0.4,0.0137,0.0004,0.0233,0.4362,23025.0
effusion_dose,effusion,00001288_000.png,1288,0.6,0.0269,0.001,0.0315,0.4422,23088.0
effusion_dose,effusion,00001288_000.png,1288,0.8,0.0486,0.0024,0.0622,0.4467,23534.0
effusion_dose,effusion,00001288_000.png,1288,1.0,0.0283,0.0019,0.0577,0.4032,16797.0
cardio_sham,cardiomegaly,00010334_005.png,10334,0.0,0.0005,0.0216,0.0523,0.3659,
cardio_sham,cardiomegaly,00010334_005.png,10334,0.06,0.0011,0.0229,0.0539,0.3909,
cardio_sham,cardiomegaly,00010334_005.png,10334,0.3,0.0018,0.0212,0.0466,0.4077,
cardio_sham,cardiomegaly,00021520_000.png,21520,0.0,0.154,0.312,0.2181,0.4444,
cardio_sham,cardiomegaly,00021520_000.png,21520,0.06,0.1473,0.3338,0.2214,0.4395,
cardio_sham,cardiomegaly,00021520_000.png,21520,0.3,0.218,0.3054,0.1974,0.4395,
cardio_sham,cardiomegaly,00028870_002.png,28870,0.0,0.1321,0.5095,0.7819,0.4308,
cardio_sham,cardiomegaly,00028870_002.png,28870,0.06,0.1209,0.5278,0.7854,0.4256,
cardio_sham,cardiomegaly,00028870_002.png,28870,0.3,0.1517,0.5376,0.7791,0.4308,
cardio_sham,cardiomegaly,00009638_025.png,9638,0.0,0.1003,0.3521,0.4247,0.4733,
cardio_sham,cardiomegaly,00009638_025.png,9638,0.06,0.1173,0.4091,0.4264,0.486,
cardio_sham,cardiomegaly,00009638_025.png,9638,0.3,0.0943,0.1827,0.3548,0.4835,
cardio_sham,cardiomegaly,00017862_007.png,17862,0.0,0.3615,0.2805,0.3279,0.4698,
cardio_sham,cardiomegaly,00017862_007.png,17862,0.06,0.4526,0.512,0.3141,0.4787,
cardio_sham,cardiomegaly,00017862_007.png,17862,0.3,0.4206,0.5677,0.4519,0.4242,
cardio_sham,cardiomegaly,00004082_001.png,4082,0.0,0.2452,0.0084,0.1835,0.45,
cardio_sham,cardiomegaly,00004082_001.png,4082,0.06,0.2059,0.0104,0.1813,0.4475,
cardio_sham,cardiomegaly,00004082_001.png,4082,0.3,0.1919,0.0139,0.1903,0.45,
cardio_sham,cardiomegaly,00025263_006.png,25263,0.0,0.0002,0.0009,0.0701,0.4241,
cardio_sham,cardiomegaly,00025263_006.png,25263,0.06,0.0007,0.001,0.0879,0.4355,
cardio_sham,cardiomegaly,00025263_006.png,25263,0.3,0.0074,0.0011,0.0856,0.5029,
cardio_sham,cardiomegaly,00025135_000.png,25135,0.0,0.0016,0.232,0.1503,0.374,
cardio_sham,cardiomegaly,00025135_000.png,25135,0.06,0.0015,0.2451,0.146,0.3713,
cardio_sham,cardiomegaly,00025135_000.png,25135,0.3,0.002,0.233,0.1397,0.3815,
cardio_sham,cardiomegaly,00017128_000.png,17128,0.0,0.0007,0.0817,0.0403,0.3325,
cardio_sham,cardiomegaly,00017128_000.png,17128,0.06,0.0007,0.0751,0.0445,0.3375,
cardio_sham,cardiomegaly,00017128_000.png,17128,0.3,0.0007,0.0681,0.0448,0.3475,
cardio_sham,cardiomegaly,00002944_000.png,2944,0.0,0.0097,0.0161,0.0333,0.4658,
cardio_sham,cardiomegaly,00002944_000.png,2944,0.06,0.0082,0.0175,0.031,0.4623,
cardio_sham,cardiomegaly,00002944_000.png,2944,0.3,0.0086,0.0179,0.0303,0.4623,
cardio_sham,cardiomegaly,00012372_005.png,12372,0.0,0.5047,0.5078,0.1545,0.4797,
cardio_sham,cardiomegaly,00012372_005.png,12372,0.06,0.5011,0.4751,0.1296,0.4564,
cardio_sham,cardiomegaly,00012372_005.png,12372,0.3,0.445,0.5147,0.1871,0.4331,
cardio_sham,cardiomegaly,00021321_014.png,21321,0.0,0.217,0.0317,0.2004,0.4741,
cardio_sham,cardiomegaly,00021321_014.png,21321,0.06,0.2872,0.0265,0.2075,0.4716,
cardio_sham,cardiomegaly,00021321_014.png,21321,0.3,0.3541,0.0289,0.2223,0.4728,
cardio_sham,cardiomegaly,00017419_000.png,17419,0.0,0.0926,0.0971,0.5031,0.4842,
cardio_sham,cardiomegaly,00017419_000.png,17419,0.06,0.1013,0.0782,0.5137,0.4961,
cardio_sham,cardiomegaly,00017419_000.png,17419,0.3,0.0857,0.0435,0.372,0.5039,
cardio_sham,cardiomegaly,00028330_009.png,28330,0.0,0.1775,0.1957,0.2104,0.4568,
cardio_sham,cardiomegaly,00028330_009.png,28330,0.06,0.2859,0.3212,0.2183,0.4609,
cardio_sham,cardiomegaly,00028330_009.png,28330,0.3,0.4163,0.2671,0.2674,0.4852,
cardio_sham,cardiomegaly,00007944_005.png,7944,0.0,0.0727,0.0159,0.7998,0.4239,
cardio_sham,cardiomegaly,00007944_005.png,7944,0.06,0.129,0.0102,0.7116,0.4403,
cardio_sham,cardiomegaly,00007944_005.png,7944,0.3,0.1107,0.0092,0.7431,0.4206,
cardio_sham,cardiomegaly,00003659_005.png,3659,0.0,0.0028,0.0066,0.0242,0.38,
cardio_sham,cardiomegaly,00003659_005.png,3659,0.06,0.0022,0.0104,0.026,0.3744,
cardio_sham,cardiomegaly,00003659_005.png,3659,0.3,0.0022,0.0074,0.0287,0.3744,
cardio_sham,cardiomegaly,00021359_000.png,21359,0.0,0.0069,0.0186,0.0265,0.4266,
cardio_sham,cardiomegaly,00021359_000.png,21359,0.06,0.0074,0.0156,0.0273,0.4305,
cardio_sham,cardiomegaly,00021359_000.png,21359,0.3,0.0062,0.0156,0.0317,0.4305,
cardio_sham,cardiomegaly,00003245_000.png,3245,0.0,0.1043,0.0666,0.0539,0.4474,
cardio_sham,cardiomegaly,00003245_000.png,3245,0.06,0.1265,0.0761,0.062,0.4528,
cardio_sham,cardiomegaly,00003245_000.png,3245,0.3,0.0515,0.0155,0.0496,0.4394,
cardio_sham,cardiomegaly,00019859_000.png,19859,0.0,0.0018,0.0208,0.0226,0.3818,
cardio_sham,cardiomegaly,00019859_000.png,19859,0.06,0.0019,0.0242,0.0222,0.3846,
cardio_sham,cardiomegaly,00019859_000.png,19859,0.3,0.0017,0.0332,0.022,0.3761,
cardio_sham,cardiomegaly,00009981_000.png,9981,0.0,0.0151,0.0027,0.0298,0.456,
cardio_sham,cardiomegaly,00009981_000.png,9981,0.06,0.0151,0.0028,0.0294,0.4613,
cardio_sham,cardiomegaly,00009981_000.png,9981,0.3,0.0157,0.0034,0.0272,0.4533,
cardio_sham,cardiomegaly,00012646_014.png,12646,0.0,0.6773,0.1524,0.1669,0.4762,
cardio_sham,cardiomegaly,00012646_014.png,12646,0.06,0.2371,0.5305,0.4479,0.4702,
cardio_sham,cardiomegaly,00012646_014.png,12646,0.3,0.5361,0.2609,0.4934,0.5223,
cardio_sham,cardiomegaly,00016229_000.png,16229,0.0,0.0066,0.0228,0.0568,0.4064,
cardio_sham,cardiomegaly,00016229_000.png,16229,0.06,0.0069,0.0222,0.0559,0.4048,
cardio_sham,cardiomegaly,00016229_000.png,16229,0.3,0.0065,0.0208,0.0533,0.4021,
cardio_sham,cardiomegaly,00014666_000.png,14666,0.0,0.0503,0.0168,0.0672,0.4449,
cardio_sham,cardiomegaly,00014666_000.png,14666,0.06,0.1065,0.01,0.0796,0.467,
cardio_sham,cardiomegaly,00014666_000.png,14666,0.3,0.5135,0.0127,0.1399,0.5188,
cardio_sham,cardiomegaly,00023514_000.png,23514,0.0,0.0002,1e-04,0.0157,0.3646,
cardio_sham,cardiomegaly,00023514_000.png,23514,0.06,0.0002,0.0002,0.0162,0.3671,
cardio_sham,cardiomegaly,00023514_000.png,23514,0.3,0.0002,0.0002,0.0176,0.357,
cardio_sham,cardiomegaly,00014637_002.png,14637,0.0,0.0135,0.0502,0.0985,0.4101,
cardio_sham,cardiomegaly,00014637_002.png,14637,0.06,0.0137,0.0534,0.0957,0.4101,
cardio_sham,cardiomegaly,00014637_002.png,14637,0.3,0.0128,0.0663,0.1051,0.4076,
cardio_sham,cardiomegaly,00004093_002.png,4093,0.0,0.0253,0.0084,0.0277,0.4583,
cardio_sham,cardiomegaly,00004093_002.png,4093,0.06,0.0477,0.0099,0.0325,0.4805,
cardio_sham,cardiomegaly,00004093_002.png,4093,0.3,0.2049,0.0104,0.0306,0.4961,
cardio_sham,cardiomegaly,00003228_001.png,3228,0.0,0.003,0.0333,0.0486,0.3705,
cardio_sham,cardiomegaly,00003228_001.png,3228,0.06,0.0028,0.0296,0.0448,0.3715,
cardio_sham,cardiomegaly,00003228_001.png,3228,0.3,0.0032,0.016,0.0333,0.3687,
cardio_sham,cardiomegaly,00004698_002.png,4698,0.0,0.0101,0.47,0.1341,0.449,
cardio_sham,cardiomegaly,00004698_002.png,4698,0.06,0.0098,0.3893,0.1476,0.449,
cardio_sham,cardiomegaly,00004698_002.png,4698,0.3,0.0112,0.3435,0.1344,0.4504,
cardio_sham,cardiomegaly,00013980_000.png,13980,0.0,0.2781,0.6472,0.7826,0.419,
cardio_sham,cardiomegaly,00013980_000.png,13980,0.06,0.2448,0.6293,0.7757,0.4373,
cardio_sham,cardiomegaly,00013980_000.png,13980,0.3,0.5147,0.5112,0.7602,0.497,
cardio_sham,cardiomegaly,00004497_004.png,4497,0.0,0.1185,0.0664,0.0807,0.4322,
cardio_sham,cardiomegaly,00004497_004.png,4497,0.06,0.1289,0.0698,0.0853,0.4297,
cardio_sham,cardiomegaly,00004497_004.png,4497,0.3,0.2847,0.062,0.0891,0.4808,
cardio_sham,cardiomegaly,00027398_000.png,27398,0.0,0.4285,0.0023,0.3591,0.4238,
cardio_sham,cardiomegaly,00027398_000.png,27398,0.06,0.4834,0.0025,0.3891,0.4547,
cardio_sham,cardiomegaly,00027398_000.png,27398,0.3,0.504,0.0059,0.4572,0.4525,
cardio_sham,cardiomegaly,00008832_000.png,8832,0.0,0.2525,0.3303,0.086,0.4518,
cardio_sham,cardiomegaly,00008832_000.png,8832,0.06,0.3016,0.3405,0.0886,0.4543,
cardio_sham,cardiomegaly,00008832_000.png,8832,0.3,0.4595,0.491,0.1069,0.4518,
cardio_sham,cardiomegaly,00000346_000.png,346,0.0,0.0037,0.0134,0.0467,0.4145,
cardio_sham,cardiomegaly,00000346_000.png,346,0.06,0.0043,0.0164,0.0499,0.4145,
cardio_sham,cardiomegaly,00000346_000.png,346,0.3,0.0049,0.0134,0.0565,0.4179,
cardio_sham,cardiomegaly,00025673_000.png,25673,0.0,0.5272,0.203,0.5076,0.5,
cardio_sham,cardiomegaly,00025673_000.png,25673,0.06,0.5339,0.2394,0.5008,0.4953,
cardio_sham,cardiomegaly,00025673_000.png,25673,0.3,0.5415,0.1556,0.4437,0.4836,
cardio_sham,cardiomegaly,00017758_000.png,17758,0.0,0.0489,0.0009,0.0656,0.4651,
cardio_sham,cardiomegaly,00017758_000.png,17758,0.06,0.042,0.0007,0.0667,0.4624,
cardio_sham,cardiomegaly,00017758_000.png,17758,0.3,0.0529,0.0006,0.0733,0.4692,
cardio_sham,cardiomegaly,00021572_022.png,21572,0.0,0.2087,0.0059,0.0545,0.4202,
cardio_sham,cardiomegaly,00021572_022.png,21572,0.06,0.251,0.0011,0.0445,0.446,
cardio_sham,cardiomegaly,00021572_022.png,21572,0.3,0.0408,0.0023,0.0337,0.4473,
cardio_sham,cardiomegaly,00011504_023.png,11504,0.0,0.0369,0.1589,0.038,0.4653,
cardio_sham,cardiomegaly,00011504_023.png,11504,0.06,0.0446,0.1852,0.0408,0.4629,
cardio_sham,cardiomegaly,00011504_023.png,11504,0.3,0.0498,0.1863,0.0384,0.4653,
cardio_sham,cardiomegaly,00029901_000.png,29901,0.0,0.0073,0.3855,0.496,0.3906,
cardio_sham,cardiomegaly,00029901_000.png,29901,0.06,0.0093,0.3604,0.4634,0.3927,
cardio_sham,cardiomegaly,00029901_000.png,29901,0.3,0.0666,0.4238,0.4358,0.4261,
cardio_sham,cardiomegaly,00009771_000.png,9771,0.0,0.03,0.065,0.0456,0.3696,
cardio_sham,cardiomegaly,00009771_000.png,9771,0.06,0.0263,0.03,0.0434,0.3777,
cardio_sham,cardiomegaly,00009771_000.png,9771,0.3,0.0519,0.0072,0.0413,0.3995,
cardio_sham,cardiomegaly,00011470_006.png,11470,0.0,0.0043,0.0477,0.0523,0.3488,
cardio_sham,cardiomegaly,00011470_006.png,11470,0.06,0.0046,0.0522,0.0571,0.3439,
cardio_sham,cardiomegaly,00011470_006.png,11470,0.3,0.0056,0.072,0.0539,0.3479,
cardio_sham,cardiomegaly,00017512_000.png,17512,0.0,0.0012,0.1173,0.1277,0.4116,
cardio_sham,cardiomegaly,00017512_000.png,17512,0.06,0.0013,0.1109,0.1239,0.4116,
cardio_sham,cardiomegaly,00017512_000.png,17512,0.3,0.0013,0.1017,0.1076,0.4116,
cardio_sham,cardiomegaly,00022227_000.png,22227,0.0,0.0003,0.0702,0.0437,0.3261,
cardio_sham,cardiomegaly,00022227_000.png,22227,0.06,0.0002,0.0562,0.0443,0.3197,
cardio_sham,cardiomegaly,00022227_000.png,22227,0.3,0.0009,0.1549,0.04,0.3654,
cardio_sham,cardiomegaly,00013421_000.png,13421,0.0,0.0011,0.0139,0.0746,0.3586,
cardio_sham,cardiomegaly,00013421_000.png,13421,0.06,0.0012,0.0152,0.0717,0.3561,
cardio_sham,cardiomegaly,00013421_000.png,13421,0.3,0.0013,0.015,0.0643,0.3561,
cardio_sham,cardiomegaly,00013342_003.png,13342,0.0,0.0016,0.1132,0.0324,0.3744,
cardio_sham,cardiomegaly,00013342_003.png,13342,0.06,0.0016,0.1177,0.0323,0.3696,
cardio_sham,cardiomegaly,00013342_003.png,13342,0.3,0.0018,0.1083,0.0347,0.3663,
cardio_sham,cardiomegaly,00026876_010.png,26876,0.0,0.0274,0.0967,0.177,0.3761,
cardio_sham,cardiomegaly,00026876_010.png,26876,0.06,0.0302,0.0986,0.1752,0.3819,
cardio_sham,cardiomegaly,00026876_010.png,26876,0.3,0.0815,0.1176,0.1679,0.4419,
cardio_sham,cardiomegaly,00022251_000.png,22251,0.0,0.0013,0.0133,0.0799,0.4126,
cardio_sham,cardiomegaly,00022251_000.png,22251,0.06,0.0013,0.0134,0.0819,0.4097,
cardio_sham,cardiomegaly,00022251_000.png,22251,0.3,0.0012,0.0113,0.0752,0.4155,
cardio_sham,cardiomegaly,00028644_007.png,28644,0.0,0.0906,0.6642,0.7133,0.3852,
cardio_sham,cardiomegaly,00028644_007.png,28644,0.06,0.0896,0.6665,0.705,0.3901,
cardio_sham,cardiomegaly,00028644_007.png,28644,0.3,0.0513,0.5114,0.6504,0.3962,
cardio_sham,cardiomegaly,00020221_000.png,20221,0.0,1e-04,0.021,0.0636,0.3412,
cardio_sham,cardiomegaly,00020221_000.png,20221,0.06,1e-04,0.0294,0.0659,0.3531,
cardio_sham,cardiomegaly,00020221_000.png,20221,0.3,0.0002,0.0221,0.0308,0.3673,
cardio_sham,cardiomegaly,00012161_007.png,12161,0.0,0.5024,0.0637,0.2064,0.486,
cardio_sham,cardiomegaly,00012161_007.png,12161,0.06,0.4087,0.0588,0.2087,0.4936,
cardio_sham,cardiomegaly,00012161_007.png,12161,0.3,0.4024,0.1376,0.1767,0.4478,
cardio_sham,cardiomegaly,00028785_004.png,28785,0.0,0.0171,0.5364,0.3407,0.4128,
cardio_sham,cardiomegaly,00028785_004.png,28785,0.06,0.0221,0.5798,0.4042,0.433,
cardio_sham,cardiomegaly,00028785_004.png,28785,0.3,0.0568,0.5317,0.3768,0.455,
cardio_sham,cardiomegaly,00027155_000.png,27155,0.0,0.0071,0.0514,0.0715,0.4064,
cardio_sham,cardiomegaly,00027155_000.png,27155,0.06,0.0067,0.0528,0.0726,0.3916,
cardio_sham,cardiomegaly,00027155_000.png,27155,0.3,0.0074,0.0706,0.07,0.3941,
cardio_sham,cardiomegaly,00028191_000.png,28191,0.0,0.0012,0.5223,0.443,0.3589,
cardio_sham,cardiomegaly,00028191_000.png,28191,0.06,0.0014,0.424,0.3697,0.3739,
cardio_sham,cardiomegaly,00028191_000.png,28191,0.3,0.0134,0.111,0.0887,0.4482,
cardio_sham,cardiomegaly,00002593_001.png,2593,0.0,0.0339,0.0145,0.0826,0.4413,
cardio_sham,cardiomegaly,00002593_001.png,2593,0.06,0.0408,0.0137,0.0845,0.4398,
cardio_sham,cardiomegaly,00002593_001.png,2593,0.3,0.0595,0.0089,0.0829,0.4454,
cardio_sham,cardiomegaly,00015391_000.png,15391,0.0,0.0331,0.2827,0.5058,0.386,
cardio_sham,cardiomegaly,00015391_000.png,15391,0.06,0.0349,0.2549,0.4804,0.3875,
cardio_sham,cardiomegaly,00015391_000.png,15391,0.3,0.0372,0.2692,0.4698,0.381,
cardio_sham,cardiomegaly,00004730_000.png,4730,0.0,0.5079,0.0129,0.0783,0.473,
cardio_sham,cardiomegaly,00004730_000.png,4730,0.06,0.3367,0.0053,0.0678,0.4524,
cardio_sham,cardiomegaly,00004730_000.png,4730,0.3,0.1355,0.0024,0.0802,0.4499,
cardio_sham,cardiomegaly,00014343_000.png,14343,0.0,0.004,0.0097,0.0315,0.396,
cardio_sham,cardiomegaly,00014343_000.png,14343,0.06,0.0039,0.0098,0.0288,0.3911,
cardio_sham,cardiomegaly,00014343_000.png,14343,0.3,0.004,0.0151,0.0317,0.3886,
cardio_sham,cardiomegaly,00004176_001.png,4176,0.0,0.5287,0.1638,0.4889,0.392,
cardio_sham,cardiomegaly,00004176_001.png,4176,0.06,0.5205,0.1661,0.4624,0.3875,
cardio_sham,cardiomegaly,00004176_001.png,4176,0.3,0.5171,0.1529,0.4165,0.3786,
cardio_sham,cardiomegaly,00018186_004.png,18186,0.0,0.0935,0.0827,0.0487,0.4429,
cardio_sham,cardiomegaly,00018186_004.png,18186,0.06,0.157,0.0733,0.0576,0.4499,
cardio_sham,cardiomegaly,00018186_004.png,18186,0.3,0.6592,0.0251,0.0581,0.5058,
cardio_sham,cardiomegaly,00018868_000.png,18868,0.0,1e-04,0.0419,0.019,0.3627,
cardio_sham,cardiomegaly,00018868_000.png,18868,0.06,1e-04,0.0425,0.0191,0.368,
cardio_sham,cardiomegaly,00018868_000.png,18868,0.3,1e-04,0.0387,0.0186,0.3627,
cardio_sham,cardiomegaly,00023982_000.png,23982,0.0,0.0075,0.0017,0.0344,0.3942,
cardio_sham,cardiomegaly,00023982_000.png,23982,0.06,0.0083,0.0018,0.0347,0.387,
cardio_sham,cardiomegaly,00023982_000.png,23982,0.3,0.5005,0.0032,0.0529,0.4796,
cardio_sham,cardiomegaly,00017467_011.png,17467,0.0,0.2062,0.7102,0.815,0.5241,
cardio_sham,cardiomegaly,00017467_011.png,17467,0.06,0.2383,0.7401,0.7934,0.5267,
cardio_sham,cardiomegaly,00017467_011.png,17467,0.3,0.5139,0.6931,0.8148,0.5107,
cardio_sham,cardiomegaly,00000348_003.png,348,0.0,0.0072,0.0014,0.1446,0.4471,
cardio_sham,cardiomegaly,00000348_003.png,348,0.06,0.0059,0.0012,0.1395,0.4441,
cardio_sham,cardiomegaly,00000348_003.png,348,0.3,0.0076,0.0013,0.1047,0.4441,
cardio_sham,cardiomegaly,00003084_001.png,3084,0.0,0.5148,0.0243,0.2039,0.4492,
cardio_sham,cardiomegaly,00003084_001.png,3084,0.06,0.514,0.0258,0.2039,0.4563,
cardio_sham,cardiomegaly,00003084_001.png,3084,0.3,0.526,0.0457,0.1885,0.4681,
cardio_sham,cardiomegaly,00002375_000.png,2375,0.0,0.1977,0.0028,0.0718,0.4268,
cardio_sham,cardiomegaly,00002375_000.png,2375,0.06,0.2287,0.0027,0.0872,0.4293,
cardio_sham,cardiomegaly,00002375_000.png,2375,0.3,0.2558,0.002,0.0687,0.439,
cardio_sham,cardiomegaly,00015170_005.png,15170,0.0,0.004,0.0559,0.0437,0.4326,
cardio_sham,cardiomegaly,00015170_005.png,15170,0.06,0.0044,0.0711,0.05,0.4298,
cardio_sham,cardiomegaly,00015170_005.png,15170,0.3,0.0035,0.0843,0.0516,0.4174,
cardio_sham,cardiomegaly,00020074_003.png,20074,0.0,0.3195,0.034,0.092,0.4679,
cardio_sham,cardiomegaly,00020074_003.png,20074,0.06,0.3598,0.0328,0.0964,0.4725,
cardio_sham,cardiomegaly,00020074_003.png,20074,0.3,0.3947,0.0345,0.1232,0.4794,
cardio_sham,cardiomegaly,00018267_000.png,18267,0.0,0.0727,0.0078,0.0958,0.4373,
cardio_sham,cardiomegaly,00018267_000.png,18267,0.06,0.0739,0.0081,0.0983,0.4373,
cardio_sham,cardiomegaly,00018267_000.png,18267,0.3,0.0493,0.0067,0.0665,0.4363,
cardio_sham,cardiomegaly,00018174_000.png,18174,0.0,0.0069,0.0974,0.0683,0.4312,
cardio_sham,cardiomegaly,00018174_000.png,18174,0.06,0.0057,0.1313,0.0738,0.4259,
cardio_sham,cardiomegaly,00018174_000.png,18174,0.3,0.0065,0.1758,0.0681,0.4222,
cardio_sham,cardiomegaly,00013643_000.png,13643,0.0,0.0356,0.0166,0.0408,0.4521,
cardio_sham,cardiomegaly,00013643_000.png,13643,0.06,0.0385,0.0166,0.0365,0.4496,
cardio_sham,cardiomegaly,00013643_000.png,13643,0.3,0.1184,0.0161,0.0304,0.4631,
cardio_sham,cardiomegaly,00014779_000.png,14779,0.0,0.0107,0.5014,0.2873,0.3994,
cardio_sham,cardiomegaly,00014779_000.png,14779,0.06,0.0106,0.5047,0.2788,0.3938,
cardio_sham,cardiomegaly,00014779_000.png,14779,0.3,0.0084,0.4602,0.2679,0.3909,
cardio_sham,cardiomegaly,00004758_000.png,4758,0.0,0.0576,0.0045,0.0928,0.455,
cardio_sham,cardiomegaly,00004758_000.png,4758,0.06,0.0611,0.0033,0.0934,0.4596,
cardio_sham,cardiomegaly,00004758_000.png,4758,0.3,0.0817,0.0019,0.089,0.4642,
cardio_sham,cardiomegaly,00012296_000.png,12296,0.0,0.0178,0.0361,0.0942,0.3936,
cardio_sham,cardiomegaly,00012296_000.png,12296,0.06,0.0192,0.0372,0.099,0.3911,
cardio_sham,cardiomegaly,00012296_000.png,12296,0.3,0.0187,0.0468,0.0887,0.3911,
cardio_sham,cardiomegaly,00006330_000.png,6330,0.0,0.0301,0.036,0.0232,0.3898,
cardio_sham,cardiomegaly,00006330_000.png,6330,0.06,0.0263,0.0312,0.0252,0.3923,
cardio_sham,cardiomegaly,00006330_000.png,6330,0.3,0.0429,0.0526,0.0265,0.4044,
cardio_sham,cardiomegaly,00018117_008.png,18117,0.0,0.4501,0.9712,0.9064,0.4626,
cardio_sham,cardiomegaly,00018117_008.png,18117,0.06,0.4418,0.9696,0.9062,0.4545,
cardio_sham,cardiomegaly,00018117_008.png,18117,0.3,0.3308,0.9668,0.9026,0.4492,
cardio_sham,cardiomegaly,00022617_000.png,22617,0.0,0.0087,0.0486,0.0294,0.4419,
cardio_sham,cardiomegaly,00022617_000.png,22617,0.06,0.0107,0.0538,0.0292,0.4419,
cardio_sham,cardiomegaly,00022617_000.png,22617,0.3,0.007,0.0267,0.0256,0.4419,
cardio_sham,cardiomegaly,00001950_001.png,1950,0.0,0.0529,0.0023,0.0816,0.4806,
cardio_sham,cardiomegaly,00001950_001.png,1950,0.06,0.0624,0.0027,0.0852,0.478,
cardio_sham,cardiomegaly,00001950_001.png,1950,0.3,0.0601,0.0021,0.0801,0.4651,
cardio_sham,cardiomegaly,00011465_000.png,11465,0.0,0.0036,0.1777,0.0983,0.387,
cardio_sham,cardiomegaly,00011465_000.png,11465,0.06,0.0059,0.1409,0.0933,0.4052,
cardio_sham,cardiomegaly,00011465_000.png,11465,0.3,0.0317,0.0869,0.0884,0.4156,
cardio_sham,cardiomegaly,00013640_000.png,13640,0.0,0.0004,0.093,0.0686,0.3977,
cardio_sham,cardiomegaly,00013640_000.png,13640,0.06,0.0003,0.0893,0.0567,0.389,
cardio_sham,cardiomegaly,00013640_000.png,13640,0.3,0.0003,0.0795,0.0557,0.3919,
cardio_sham,cardiomegaly,00016023_004.png,16023,0.0,0.0014,0.0371,0.0565,0.3768,
cardio_sham,cardiomegaly,00016023_004.png,16023,0.06,0.0013,0.0342,0.0548,0.3739,
cardio_sham,cardiomegaly,00016023_004.png,16023,0.3,0.0012,0.038,0.0566,0.3768,
cardio_sham,cardiomegaly,00002669_000.png,2669,0.0,0.0538,0.0103,0.1658,0.419,
cardio_sham,cardiomegaly,00002669_000.png,2669,0.06,0.0575,0.0085,0.165,0.4087,
cardio_sham,cardiomegaly,00002669_000.png,2669,0.3,0.0763,0.0065,0.1694,0.3949,
cardio_sham,cardiomegaly,00018675_000.png,18675,0.0,0.0122,0.0085,0.0378,0.4047,
cardio_sham,cardiomegaly,00018675_000.png,18675,0.06,0.0359,0.0055,0.0437,0.4347,
cardio_sham,cardiomegaly,00018675_000.png,18675,0.3,0.5127,0.0056,0.0859,0.4882,
cardio_sham,cardiomegaly,00021334_000.png,21334,0.0,0.0005,0.0359,0.0642,0.3721,
cardio_sham,cardiomegaly,00021334_000.png,21334,0.06,0.0006,0.0345,0.065,0.3669,
cardio_sham,cardiomegaly,00021334_000.png,21334,0.3,0.0006,0.0369,0.0692,0.3721,
cardio_sham,cardiomegaly,00020065_012.png,20065,0.0,0.0051,0.0472,0.131,0.4554,
cardio_sham,cardiomegaly,00020065_012.png,20065,0.06,0.0043,0.031,0.1183,0.448,
cardio_sham,cardiomegaly,00020065_012.png,20065,0.3,0.0039,0.0182,0.0914,0.4629,
cardio_sham,cardiomegaly,00029006_001.png,29006,0.0,0.5124,0.0827,0.1602,0.4763,
cardio_sham,cardiomegaly,00029006_001.png,29006,0.06,0.5155,0.0767,0.1349,0.4804,
cardio_sham,cardiomegaly,00029006_001.png,29006,0.3,0.5149,0.0929,0.0999,0.4777,
cardio_sham,cardiomegaly,00000408_000.png,408,0.0,0.1627,0.0309,0.0584,0.4251,
cardio_sham,cardiomegaly,00000408_000.png,408,0.06,0.0528,0.0653,0.0662,0.4116,
cardio_sham,cardiomegaly,00000408_000.png,408,0.3,0.0162,0.0948,0.0675,0.4375,
cardio_sham,cardiomegaly,00022065_031.png,22065,0.0,0.0366,0.5271,0.5725,0.4076,
cardio_sham,cardiomegaly,00022065_031.png,22065,0.06,0.0431,0.5272,0.571,0.4076,
cardio_sham,cardiomegaly,00022065_031.png,22065,0.3,0.139,0.5246,0.558,0.4354,
cardio_sham,cardiomegaly,00024896_000.png,24896,0.0,0.0012,0.1087,0.0449,0.3782,
cardio_sham,cardiomegaly,00024896_000.png,24896,0.06,0.0011,0.102,0.044,0.3731,
cardio_sham,cardiomegaly,00024896_000.png,24896,0.3,0.0011,0.1132,0.0461,0.3655,
cardio_sham,cardiomegaly,00002295_000.png,2295,0.0,0.0015,0.0126,0.0819,0.3483,
cardio_sham,cardiomegaly,00002295_000.png,2295,0.06,0.0012,0.0111,0.086,0.344,
cardio_sham,cardiomegaly,00002295_000.png,2295,0.3,0.0011,0.0064,0.086,0.3397,
cardio_sham,cardiomegaly,00018283_002.png,18283,0.0,0.0594,0.1628,0.0553,0.422,
cardio_sham,cardiomegaly,00018283_002.png,18283,0.06,0.0908,0.0937,0.0515,0.4453,
cardio_sham,cardiomegaly,00018283_002.png,18283,0.3,0.5664,0.0828,0.0397,0.5171,
cardio_sham,cardiomegaly,00002592_001.png,2592,0.0,0.0218,0.0306,0.0547,0.4334,
cardio_sham,cardiomegaly,00002592_001.png,2592,0.06,0.0215,0.0376,0.0486,0.4189,
cardio_sham,cardiomegaly,00002592_001.png,2592,0.3,0.0445,0.0887,0.055,0.4233,
cardio_sham,cardiomegaly,00002081_003.png,2081,0.0,0.0476,0.6968,0.395,0.4798,
cardio_sham,cardiomegaly,00002081_003.png,2081,0.06,0.025,0.6843,0.089,0.4682,
cardio_sham,cardiomegaly,00002081_003.png,2081,0.3,0.0505,0.5018,0.1437,0.4609,
cardio_sham,cardiomegaly,00002223_001.png,2223,0.0,0.0014,0.0042,0.0194,0.3656,
cardio_sham,cardiomegaly,00002223_001.png,2223,0.06,0.0015,0.0035,0.0217,0.3679,
cardio_sham,cardiomegaly,00002223_001.png,2223,0.3,0.0059,0.018,0.056,0.3774,
cardio_sham,cardiomegaly,00003331_001.png,3331,0.0,0.0027,0.001,0.0604,0.3744,
cardio_sham,cardiomegaly,00003331_001.png,3331,0.06,0.0027,0.001,0.059,0.3664,
cardio_sham,cardiomegaly,00003331_001.png,3331,0.3,0.0018,0.0031,0.0554,0.37,
cardio_sham,cardiomegaly,00024072_000.png,24072,0.0,0.0057,0.0114,0.0545,0.3705,
cardio_sham,cardiomegaly,00024072_000.png,24072,0.06,0.0089,0.0108,0.0624,0.3621,
cardio_sham,cardiomegaly,00024072_000.png,24072,0.3,0.0038,0.0062,0.054,0.3889,
cardio_sham,cardiomegaly,00007265_002.png,7265,0.0,0.0433,0.0178,0.3955,0.3298,
cardio_sham,cardiomegaly,00007265_002.png,7265,0.06,0.0431,0.012,0.3167,0.3212,
cardio_sham,cardiomegaly,00007265_002.png,7265,0.3,0.0777,0.0177,0.1381,0.3291,
cardio_sham,cardiomegaly,00008473_006.png,8473,0.0,0.0683,0.9091,0.5464,0.3792,
cardio_sham,cardiomegaly,00008473_006.png,8473,0.06,0.0714,0.9105,0.5571,0.3731,
cardio_sham,cardiomegaly,00008473_006.png,8473,0.3,0.1032,0.6072,0.3953,0.4093,
cardio_sham,cardiomegaly,00029169_000.png,29169,0.0,0.0778,0.0519,0.6144,0.3954,
cardio_sham,cardiomegaly,00029169_000.png,29169,0.06,0.1497,0.0739,0.6322,0.4171,
cardio_sham,cardiomegaly,00029169_000.png,29169,0.3,0.5002,0.1009,0.6622,0.4562,
cardio_sham,cardiomegaly,00024301_000.png,24301,0.0,0.0144,0.1641,0.0438,0.4499,
cardio_sham,cardiomegaly,00024301_000.png,24301,0.06,0.0145,0.1739,0.0446,0.4472,
cardio_sham,cardiomegaly,00024301_000.png,24301,0.3,0.0147,0.3341,0.0466,0.4444,
cardio_sham,cardiomegaly,00014976_001.png,14976,0.0,0.5059,0.0268,0.0878,0.4673,
cardio_sham,cardiomegaly,00014976_001.png,14976,0.06,0.2927,0.0235,0.0818,0.4583,
cardio_sham,cardiomegaly,00014976_001.png,14976,0.3,0.2206,0.027,0.0737,0.4613,
cardio_sham,cardiomegaly,00011633_001.png,11633,0.0,0.0366,0.0703,0.0344,0.4217,
cardio_sham,cardiomegaly,00011633_001.png,11633,0.06,0.0529,0.0681,0.0334,0.4286,
cardio_sham,cardiomegaly,00011633_001.png,11633,0.3,0.0728,0.0934,0.0332,0.4217,
