model,films,n,yes_cardiomegaly_no_enlarged,no_cardiomegaly_yes_enlarged,share_yes_cardiomegaly,share_yes_enlarged
4b,growth 0.00,100,0.3,0.0,0.39,0.09
4b,growth 0.06,100,0.31,0.0,0.54,0.23
4b,growth 0.12,100,0.29,0.0,0.76,0.47
4b,growth 0.18,100,0.09,0.0,0.81,0.72
4b,growth 0.24,100,0.13,0.0,0.92,0.79
4b,growth 0.30,100,0.07,0.0,0.97,0.9
4b,real films,1883,0.1609134360063728,0.0,0.28836962294211366,0.12745618693574085
1.5-4b,growth 0.00,100,0.28,0.0,0.38,0.1
1.5-4b,growth 0.06,100,0.21,0.0,0.54,0.33
1.5-4b,growth 0.12,100,0.19,0.0,0.76,0.57
1.5-4b,growth 0.18,100,0.06,0.0,0.82,0.76
1.5-4b,growth 0.24,100,0.12,0.0,0.94,0.82
1.5-4b,growth 0.30,100,0.02,0.0,0.98,0.96
1.5-4b,real films,1883,0.16781731279872544,0.0,0.3505045140732873,0.18268720127456187
