image,patient_id,kind,growth,change_in_heart,abs_change_in_heart,change_in_border_band,abs_change_in_border_band
00010334_005.png,10334,edit,0.0,20.3719,20.7393,6.8508,8.232
00010334_005.png,10334,edit,0.06,24.2081,24.489,17.1423,18.8882
00010334_005.png,10334,edit,0.12,27.2183,27.3936,24.973,26.8453
00010334_005.png,10334,edit,0.18,29.4096,29.5093,30.941,32.138
00010334_005.png,10334,edit,0.24,32.0144,32.0658,38.5026,39.2264
00010334_005.png,10334,edit,0.3,33.3725,33.4197,42.897,43.4972
00010334_005.png,10334,sham,0.0,-0.7521,8.656,1.7304,3.7307
00010334_005.png,10334,sham,0.06,1.8513,10.834,8.6961,10.7977
00010334_005.png,10334,sham,0.3,4.5471,12.7107,17.3165,20.316
00021520_000.png,21520,edit,0.0,23.9925,24.0219,7.5849,7.8144
00021520_000.png,21520,edit,0.06,26.0029,26.0393,13.8185,14.2081
00021520_000.png,21520,edit,0.12,28.641,28.6702,20.3886,20.7921
00021520_000.png,21520,edit,0.18,32.3974,32.4302,28.462,28.8342
00021520_000.png,21520,edit,0.24,34.0982,34.1176,33.7588,33.9966
00021520_000.png,21520,edit,0.3,34.3104,34.3211,35.1697,35.3617
00021520_000.png,21520,sham,0.0,1.6304,5.6602,1.5753,3.9943
00021520_000.png,21520,sham,0.06,1.9663,5.9703,1.6606,6.1895
00021520_000.png,21520,sham,0.3,3.5899,6.8066,7.2624,11.1234
00028870_002.png,28870,edit,0.0,2.3105,4.1598,1.3876,2.3582
00028870_002.png,28870,edit,0.06,3.1869,4.6854,4.4938,5.6818
00028870_002.png,28870,edit,0.12,3.8257,5.0212,6.9179,8.0445
00028870_002.png,28870,edit,0.18,3.9525,5.1254,7.8449,9.0193
00028870_002.png,28870,edit,0.24,4.4453,5.3996,9.1406,10.2437
00028870_002.png,28870,edit,0.3,4.5944,5.5156,9.946,11.0447
00028870_002.png,28870,sham,0.0,1.5386,2.6694,1.0359,1.8882
00028870_002.png,28870,sham,0.06,1.8669,2.9843,2.3991,3.6736
00028870_002.png,28870,sham,0.3,1.9716,3.2626,3.804,6.6837
00009638_025.png,9638,edit,0.0,19.5412,19.6228,5.8477,6.2523
00009638_025.png,9638,edit,0.06,23.0653,23.2097,14.787,15.5123
00009638_025.png,9638,edit,0.12,26.214,26.3257,20.4797,21.0221
00009638_025.png,9638,edit,0.18,28.0793,28.2187,24.2907,25.2172
00009638_025.png,9638,edit,0.24,28.6219,28.7248,26.7967,27.5717
00009638_025.png,9638,edit,0.3,29.0963,29.148,28.6406,29.3844
00009638_025.png,9638,sham,0.0,-8.3845,18.3185,-3.6124,8.2326
00009638_025.png,9638,sham,0.06,-7.5608,19.1593,-5.0679,12.8914
00009638_025.png,9638,sham,0.3,-8.6679,19.0733,-8.8023,16.9273
00017862_007.png,17862,edit,0.0,8.1473,10.1767,4.2938,5.3953
00017862_007.png,17862,edit,0.06,9.8907,12.2711,10.4621,11.995
00017862_007.png,17862,edit,0.12,11.973,14.3958,15.9157,18.2266
00017862_007.png,17862,edit,0.18,14.0853,16.1111,20.1957,22.1609
00017862_007.png,17862,edit,0.24,15.5058,17.3381,24.242,25.9181
00017862_007.png,17862,edit,0.3,16.9748,18.3888,28.7108,30.4335
00017862_007.png,17862,sham,0.0,-14.0087,14.6075,-3.3764,4.5745
00017862_007.png,17862,sham,0.06,-18.4138,19.5593,-3.0752,6.7577
00017862_007.png,17862,sham,0.3,-2.5373,13.3843,8.1972,18.6425
00004082_001.png,4082,edit,0.0,12.6661,13.2538,5.4356,6.8961
00004082_001.png,4082,edit,0.06,15.4813,15.9375,12.5622,14.2117
00004082_001.png,4082,edit,0.12,17.2493,17.5936,18.2546,19.9035
00004082_001.png,4082,edit,0.18,18.8323,19.1038,23.5181,24.9197
00004082_001.png,4082,edit,0.24,19.6372,19.8919,27.2035,28.5757
00004082_001.png,4082,edit,0.3,20.5374,20.7629,29.3904,30.8483
00004082_001.png,4082,sham,0.0,-3.2515,5.3314,0.1006,2.2991
00004082_001.png,4082,sham,0.06,-3.4937,5.6774,0.0161,3.48
00004082_001.png,4082,sham,0.3,-3.1656,5.4862,0.7101,4.8638
00025263_006.png,25263,edit,0.0,13.839,13.9302,7.7127,8.1928
00025263_006.png,25263,edit,0.06,17.2309,17.2717,19.8798,20.1973
00025263_006.png,25263,edit,0.12,18.23,18.2755,25.4209,25.8319
00025263_006.png,25263,edit,0.18,19.2657,19.3062,28.8821,29.2621
00025263_006.png,25263,edit,0.24,19.7881,19.8449,31.3818,31.828
00025263_006.png,25263,edit,0.3,20.9457,21.0152,36.6048,37.0458
00025263_006.png,25263,sham,0.0,8.6074,10.7505,3.9692,6.0653
00025263_006.png,25263,sham,0.06,13.5687,14.8324,12.6599,14.5519
00025263_006.png,25263,sham,0.3,24.9804,26.0853,28.8025,29.5594
00025135_000.png,25135,edit,0.0,21.2164,21.4172,8.5971,9.0924
00025135_000.png,25135,edit,0.06,25.4451,25.5155,20.4175,20.8046
00025135_000.png,25135,edit,0.12,28.1305,28.1734,28.3302,28.7047
00025135_000.png,25135,edit,0.18,30.7193,30.7527,34.0268,34.3681
00025135_000.png,25135,edit,0.24,31.9648,31.9903,37.8454,38.1312
00025135_000.png,25135,edit,0.3,33.8281,33.8436,42.3424,42.4797
00025135_000.png,25135,sham,0.0,1.8004,7.0328,1.1775,3.2605
00025135_000.png,25135,sham,0.06,2.0596,7.413,1.811,4.9531
00025135_000.png,25135,sham,0.3,3.7794,7.8715,5.6019,7.5985
00017128_000.png,17128,edit,0.0,13.6247,15.8367,4.3264,6.5512
00017128_000.png,17128,edit,0.06,16.805,18.8073,10.2343,14.4202
00017128_000.png,17128,edit,0.12,19.5094,20.999,16.7166,21.1473
00017128_000.png,17128,edit,0.18,21.5258,22.6244,21.2268,24.7351
00017128_000.png,17128,edit,0.24,23.6837,24.6015,25.4747,28.651
00017128_000.png,17128,edit,0.3,24.5507,25.3101,28.4117,31.2729
00017128_000.png,17128,sham,0.0,3.931,7.7618,2.9263,4.1955
00017128_000.png,17128,sham,0.06,4.5612,8.4578,4.536,6.46
00017128_000.png,17128,sham,0.3,5.4555,8.1239,7.5605,10.2893
00002944_000.png,2944,edit,0.0,10.4702,11.2432,7.705,8.6542
00002944_000.png,2944,edit,0.06,12.1878,12.8105,15.1315,16.14
00002944_000.png,2944,edit,0.12,13.4531,14.1864,20.0483,21.8559
00002944_000.png,2944,edit,0.18,14.9091,15.5863,24.9374,26.7302
00002944_000.png,2944,edit,0.24,16.162,16.6147,29.667,30.86
00002944_000.png,2944,edit,0.3,15.7655,16.0316,31.3344,31.8644
00002944_000.png,2944,sham,0.0,-3.6252,5.3057,-1.4867,3.2581
00002944_000.png,2944,sham,0.06,-4.2295,5.7818,-2.7703,4.8372
00002944_000.png,2944,sham,0.3,-4.5188,6.1563,-3.9295,6.6848
00012372_005.png,12372,edit,0.0,13.4396,13.9928,5.2148,5.8713
00012372_005.png,12372,edit,0.06,16.6956,17.1087,11.6579,12.6822
00012372_005.png,12372,edit,0.12,18.33,18.7866,16.4095,17.5408
00012372_005.png,12372,edit,0.18,17.7867,18.2809,18.2693,19.3695
00012372_005.png,12372,edit,0.24,18.2193,18.5383,21.7818,22.458
00012372_005.png,12372,edit,0.3,19.5405,19.6978,24.5843,24.9755
00012372_005.png,12372,sham,0.0,-2.2535,4.5333,0.3578,2.2022
00012372_005.png,12372,sham,0.06,-3.9188,5.869,-0.9517,4.7085
00012372_005.png,12372,sham,0.3,-8.1759,9.2145,-3.8936,7.5254
00021321_014.png,21321,edit,0.0,20.9771,21.2152,6.7034,7.1435
00021321_014.png,21321,edit,0.06,24.2715,24.4546,16.2407,16.7184
00021321_014.png,21321,edit,0.12,26.183,26.3183,21.9155,22.2037
00021321_014.png,21321,edit,0.18,29.1698,29.2964,29.5241,29.7711
00021321_014.png,21321,edit,0.24,30.9896,31.1059,32.9725,33.2177
00021321_014.png,21321,edit,0.3,31.6353,31.7472,34.8475,35.0906
00021321_014.png,21321,sham,0.0,11.2689,12.7214,3.2771,4.2082
00021321_014.png,21321,sham,0.06,11.9085,13.5086,4.9055,6.3682
00021321_014.png,21321,sham,0.3,12.1686,13.8015,6.0274,7.9991
00017419_000.png,17419,edit,0.0,10.1449,10.7256,7.0709,7.6728
00017419_000.png,17419,edit,0.06,12.0098,12.5505,13.7163,14.484
00017419_000.png,17419,edit,0.12,14.2944,14.7266,20.2958,21.0133
00017419_000.png,17419,edit,0.18,15.8178,16.1731,23.3783,24.1443
00017419_000.png,17419,edit,0.24,17.4294,17.7572,27.0931,27.7409
00017419_000.png,17419,edit,0.3,18.5804,18.7991,29.6042,30.1968
00017419_000.png,17419,sham,0.0,1.2166,4.9938,3.119,4.7046
00017419_000.png,17419,sham,0.06,2.6119,6.0478,7.5986,9.3694
00017419_000.png,17419,sham,0.3,2.7692,6.7277,11.0164,13.8764
00028330_009.png,28330,edit,0.0,9.524,9.9313,3.4534,3.958
00028330_009.png,28330,edit,0.06,11.3826,11.5289,9.5693,9.9442
00028330_009.png,28330,edit,0.12,12.9307,12.9931,14.1511,14.4781
00028330_009.png,28330,edit,0.18,13.8793,13.9455,16.9404,17.3124
00028330_009.png,28330,edit,0.24,15.6073,15.6456,20.3843,20.6515
00028330_009.png,28330,edit,0.3,16.8418,16.8607,22.7431,22.9476
00028330_009.png,28330,sham,0.0,-10.3354,11.3778,-0.1743,3.05
00028330_009.png,28330,sham,0.06,-9.3598,11.0302,2.7837,6.496
00028330_009.png,28330,sham,0.3,3.0539,5.9592,9.728,11.2018
00007944_005.png,7944,edit,0.0,6.9384,7.3761,2.8712,3.3993
00007944_005.png,7944,edit,0.06,8.9154,9.4164,8.5927,9.131
00007944_005.png,7944,edit,0.12,10.1213,10.6705,13.021,13.6856
00007944_005.png,7944,edit,0.18,11.4272,11.9125,16.6876,17.3671
00007944_005.png,7944,edit,0.24,12.9858,13.3072,20.8285,21.5592
00007944_005.png,7944,edit,0.3,13.6631,13.9313,22.1512,22.8278
00007944_005.png,7944,sham,0.0,-16.0728,17.7593,-5.5153,6.5833
00007944_005.png,7944,sham,0.06,-16.4966,18.4294,-9.2696,10.7184
00007944_005.png,7944,sham,0.3,-19.4808,21.3037,-12.797,15.005
00003659_005.png,3659,edit,0.0,7.0696,7.9454,5.0208,5.795
00003659_005.png,3659,edit,0.06,8.7149,9.3212,12.6832,13.3855
00003659_005.png,3659,edit,0.12,10.5317,10.9343,19.8105,20.2262
00003659_005.png,3659,edit,0.18,12.2363,12.464,25.7435,26.0367
00003659_005.png,3659,edit,0.24,12.7147,12.8896,28.7796,28.9537
00003659_005.png,3659,edit,0.3,13.3576,13.5018,30.8739,31.0406
00003659_005.png,3659,sham,0.0,-16.7444,16.9327,-6.8985,7.159
00003659_005.png,3659,sham,0.06,-17.3666,17.6237,-9.4834,10.7193
00003659_005.png,3659,sham,0.3,-19.0091,19.1486,-13.7025,16.2596
00021359_000.png,21359,edit,0.0,13.2897,14.162,5.6429,6.4659
00021359_000.png,21359,edit,0.06,18.3686,19.0244,15.9277,16.6416
00021359_000.png,21359,edit,0.12,21.4234,22.0529,22.2409,23.0589
00021359_000.png,21359,edit,0.18,24.2309,24.6514,27.312,27.8755
00021359_000.png,21359,edit,0.24,26.0768,26.3886,31.6623,32.1307
00021359_000.png,21359,edit,0.3,28.6413,28.8775,37.2534,37.6294
00021359_000.png,21359,sham,0.0,1.8595,6.6724,0.2248,3.1389
00021359_000.png,21359,sham,0.06,1.9376,7.0134,0.2716,5.3546
00021359_000.png,21359,sham,0.3,1.324,6.9566,-0.847,7.1584
00003245_000.png,3245,edit,0.0,4.3231,5.2868,3.917,4.517
00003245_000.png,3245,edit,0.06,5.3762,6.349,9.4736,10.3051
00003245_000.png,3245,edit,0.12,6.1733,7.0303,13.1719,13.9424
00003245_000.png,3245,edit,0.18,8.6196,8.98,18.8197,19.313
00003245_000.png,3245,edit,0.24,9.2153,9.4723,20.4784,20.9172
00003245_000.png,3245,edit,0.3,9.4014,9.6007,21.4743,21.7891
00003245_000.png,3245,sham,0.0,-19.7235,20.3074,-2.3347,4.7357
00003245_000.png,3245,sham,0.06,-21.0631,22.0078,-1.6429,8.8635
00003245_000.png,3245,sham,0.3,-22.8183,23.6969,-4.6607,13.2893
00019859_000.png,19859,edit,0.0,17.9754,18.108,6.0004,6.5013
00019859_000.png,19859,edit,0.06,21.9092,22.2186,15.4045,16.6616
00019859_000.png,19859,edit,0.12,26.1803,26.5329,24.1602,25.9201
00019859_000.png,19859,edit,0.18,27.279,27.6325,26.6881,28.5142
00019859_000.png,19859,edit,0.24,29.2412,29.4966,29.4092,31.1911
00019859_000.png,19859,edit,0.3,31.2115,31.2817,33.1194,34.1384
00019859_000.png,19859,sham,0.0,4.385,8.8962,2.1809,3.9859
00019859_000.png,19859,sham,0.06,4.8646,9.3832,3.093,5.7474
00019859_000.png,19859,sham,0.3,3.9796,9.4071,1.5489,8.5753
00009981_000.png,9981,edit,0.0,7.8836,8.4904,4.0384,5.3316
00009981_000.png,9981,edit,0.06,10.3277,10.5392,12.1014,12.8178
00009981_000.png,9981,edit,0.12,11.6661,11.9427,16.5608,17.6154
00009981_000.png,9981,edit,0.18,13.4235,13.6409,20.8373,21.4951
00009981_000.png,9981,edit,0.24,14.769,14.8982,24.8054,25.1587
00009981_000.png,9981,edit,0.3,15.9067,15.9827,27.9295,28.1761
00009981_000.png,9981,sham,0.0,0.4232,3.3255,0.3007,2.1986
00009981_000.png,9981,sham,0.06,0.5965,3.5903,0.4191,3.8496
00009981_000.png,9981,sham,0.3,0.7177,3.4472,0.8319,4.6432
00012646_014.png,12646,edit,0.0,4.5907,7.1504,1.447,3.4617
00012646_014.png,12646,edit,0.06,5.7925,8.8561,3.0879,7.2347
00012646_014.png,12646,edit,0.12,6.293,10.4787,4.5256,11.4673
00012646_014.png,12646,edit,0.18,7.2379,11.4238,8.1467,15.4747
00012646_014.png,12646,edit,0.24,8.1874,11.3986,10.1489,16.5415
00012646_014.png,12646,edit,0.3,8.8563,11.6549,11.8225,18.0496
00012646_014.png,12646,sham,0.0,-1.3303,8.5776,-1.038,4.0387
00012646_014.png,12646,sham,0.06,-5.6282,14.4296,-7.1885,13.2349
00012646_014.png,12646,sham,0.3,-0.4638,13.4884,-1.9448,14.8585
00016229_000.png,16229,edit,0.0,10.9306,12.244,3.783,7.3472
00016229_000.png,16229,edit,0.06,13.9103,15.2166,13.0204,18.0097
00016229_000.png,16229,edit,0.12,17.0603,18.0057,21.5501,25.8331
00016229_000.png,16229,edit,0.18,19.1223,19.8403,26.9947,30.6296
00016229_000.png,16229,edit,0.24,19.935,20.5355,29.2711,32.5945
00016229_000.png,16229,edit,0.3,21.8632,22.2559,34.2722,37.1181
00016229_000.png,16229,sham,0.0,1.4219,4.1886,1.4412,2.8806
00016229_000.png,16229,sham,0.06,1.6589,4.4885,2.5229,4.5468
00016229_000.png,16229,sham,0.3,1.4456,4.7495,2.6136,5.9532
00014666_000.png,14666,edit,0.0,17.1396,17.3212,7.1752,7.6782
00014666_000.png,14666,edit,0.06,21.6819,21.7825,18.8912,19.3332
00014666_000.png,14666,edit,0.12,24.5409,24.5827,27.065,27.3911
00014666_000.png,14666,edit,0.18,26.794,26.8227,31.9257,32.1212
00014666_000.png,14666,edit,0.24,29.2543,29.2773,38.3795,38.5281
00014666_000.png,14666,edit,0.3,30.4727,30.4932,41.9017,42.0245
00014666_000.png,14666,sham,0.0,0.598,16.586,5.3531,7.2647
00014666_000.png,14666,sham,0.06,12.1006,19.3239,17.7488,18.9833
00014666_000.png,14666,sham,0.3,28.5225,29.0297,39.9762,40.5832
00023514_000.png,23514,edit,0.0,21.5392,21.5546,9.8452,10.0653
00023514_000.png,23514,edit,0.06,23.1899,23.2031,19.9287,20.2514
00023514_000.png,23514,edit,0.12,14.9736,14.9917,25.6107,25.8211
00023514_000.png,23514,edit,0.18,16.4138,16.4325,29.8194,30.0084
00023514_000.png,23514,edit,0.24,17.2658,17.2823,32.9075,33.0662
00023514_000.png,23514,edit,0.3,17.9909,18.0106,35.5621,35.6796
00023514_000.png,23514,sham,0.0,0.2518,4.5826,0.0588,3.2821
00023514_000.png,23514,sham,0.06,0.8345,4.7217,0.2699,4.6292
00023514_000.png,23514,sham,0.3,-0.3522,4.8016,-1.5193,7.0397
00014637_002.png,14637,edit,0.0,17.9733,18.1353,7.9861,8.6276
00014637_002.png,14637,edit,0.06,21.6791,21.7638,19.2642,19.9223
00014637_002.png,14637,edit,0.12,24.5874,24.6311,28.332,28.6491
00014637_002.png,14637,edit,0.18,26.0919,26.132,32.9243,33.1266
00014637_002.png,14637,edit,0.24,27.8313,27.8679,38.9223,39.0868
00014637_002.png,14637,edit,0.3,30.0562,30.0837,44.9662,45.1079
00014637_002.png,14637,sham,0.0,-5.1084,6.8499,0.2171,3.0234
00014637_002.png,14637,sham,0.06,-5.0362,6.9652,0.031,5.2809
00014637_002.png,14637,sham,0.3,-4.7694,7.2748,1.4307,8.3611
00004093_002.png,4093,edit,0.0,12.181,12.495,6.1748,6.7937
00004093_002.png,4093,edit,0.06,16.4509,16.7094,14.9594,15.8168
00004093_002.png,4093,edit,0.12,18.1216,18.3293,19.7707,20.8396
00004093_002.png,4093,edit,0.18,19.7945,19.9708,24.943,25.9035
00004093_002.png,4093,edit,0.24,21.6065,21.7416,30.0293,30.7275
00004093_002.png,4093,edit,0.3,23.0736,23.1771,34.8337,35.451
00004093_002.png,4093,sham,0.0,0.6681,6.6817,1.5273,3.6293
00004093_002.png,4093,sham,0.06,4.3327,9.3254,8.8041,10.3213
00004093_002.png,4093,sham,0.3,8.0285,12.1671,18.4016,20.597
00003228_001.png,3228,edit,0.0,8.1387,8.3127,5.7934,6.3751
00003228_001.png,3228,edit,0.06,10.7753,10.9192,15.6524,16.2466
00003228_001.png,3228,edit,0.12,11.8748,12.0008,20.4786,21.0396
00003228_001.png,3228,edit,0.18,13.4857,13.587,26.0451,26.3806
00003228_001.png,3228,edit,0.24,14.347,14.4555,28.6315,28.99
00003228_001.png,3228,edit,0.3,15.2728,15.3799,31.8377,32.1401
00003228_001.png,3228,sham,0.0,-5.9744,7.3103,-2.4102,3.5657
00003228_001.png,3228,sham,0.06,-6.5983,8.1209,-3.3197,5.6172
00003228_001.png,3228,sham,0.3,-6.463,8.3588,-3.8138,8.6089
00004698_002.png,4698,edit,0.0,25.5657,25.7142,8.0943,8.6718
00004698_002.png,4698,edit,0.06,29.0827,29.1941,20.6684,21.2206
00004698_002.png,4698,edit,0.12,33.4639,33.517,31.5506,31.8719
00004698_002.png,4698,edit,0.18,35.5595,35.6087,36.2194,36.5653
00004698_002.png,4698,edit,0.24,37.0102,37.0585,40.8548,41.1477
00004698_002.png,4698,edit,0.3,38.0853,38.128,43.8879,44.1666
00004698_002.png,4698,sham,0.0,-0.4958,5.9713,0.9693,2.6249
00004698_002.png,4698,sham,0.06,0.2734,6.3315,1.6922,4.2693
00004698_002.png,4698,sham,0.3,1.9343,6.8048,3.5289,7.1861
00013980_000.png,13980,edit,0.0,2.9687,4.6572,1.819,2.4503
00013980_000.png,13980,edit,0.06,3.4467,5.0162,3.3993,4.0768
00013980_000.png,13980,edit,0.12,3.8734,5.3453,5.0204,5.6196
00013980_000.png,13980,edit,0.18,4.3268,5.6135,6.3029,6.8578
00013980_000.png,13980,edit,0.24,4.9603,6.0208,8.4756,8.9068
00013980_000.png,13980,edit,0.3,5.24,6.2237,9.2414,9.6701
00013980_000.png,13980,sham,0.0,1.9929,4.0881,0.9246,1.7975
00013980_000.png,13980,sham,0.06,2.4275,4.2627,1.7738,2.8381
00013980_000.png,13980,sham,0.3,3.1176,4.9968,3.0674,5.4723
00004497_004.png,4497,edit,0.0,4.8021,5.7038,3.533,4.2422
00004497_004.png,4497,edit,0.06,6.3678,6.9071,11.3558,12.007
00004497_004.png,4497,edit,0.12,7.3978,7.7726,15.7541,16.2893
00004497_004.png,4497,edit,0.18,8.1909,8.5101,18.5125,18.9564
00004497_004.png,4497,edit,0.24,9.6856,9.9294,22.6631,23.0425
00004497_004.png,4497,edit,0.3,10.3477,10.5556,24.4732,24.8036
00004497_004.png,4497,sham,0.0,-1.2914,5.9245,0.2974,3.3452
00004497_004.png,4497,sham,0.06,-1.3052,6.3916,0.632,5.6549
00004497_004.png,4497,sham,0.3,0.3474,7.5225,14.399,17.4579
00027398_000.png,27398,edit,0.0,7.0217,7.129,3.9608,4.2242
00027398_000.png,27398,edit,0.06,9.0083,9.1825,8.0031,8.6153
00027398_000.png,27398,edit,0.12,9.9424,10.0488,12.0883,12.5083
00027398_000.png,27398,edit,0.18,10.8181,10.8936,14.4777,14.7757
00027398_000.png,27398,edit,0.24,11.9241,11.972,16.8632,17.0729
00027398_000.png,27398,edit,0.3,12.1329,12.1701,18.4061,18.5577
00027398_000.png,27398,sham,0.0,-0.1785,2.5739,0.1702,1.6401
00027398_000.png,27398,sham,0.06,0.6504,3.398,3.6991,5.1574
00027398_000.png,27398,sham,0.3,0.4704,3.4832,4.4434,6.488
00008832_000.png,8832,edit,0.0,8.5143,8.7592,3.5266,4.1316
00008832_000.png,8832,edit,0.06,11.3436,11.5133,11.6453,12.6312
00008832_000.png,8832,edit,0.12,14.9028,14.984,21.9746,22.4263
00008832_000.png,8832,edit,0.18,16.798,16.8637,26.7102,26.977
00008832_000.png,8832,edit,0.24,18.3364,18.4012,30.9911,31.2666
00008832_000.png,8832,edit,0.3,19.9729,20.0208,35.2012,35.4504
00008832_000.png,8832,sham,0.0,-3.6358,6.8195,-1.3718,4.0026
00008832_000.png,8832,sham,0.06,-2.0946,6.846,0.1458,6.6079
00008832_000.png,8832,sham,0.3,-1.4996,9.1251,2.1565,10.4342
00000346_000.png,346,edit,0.0,11.6582,12.3141,6.4243,7.3757
00000346_000.png,346,edit,0.06,15.1786,15.7324,16.4935,17.6869
00000346_000.png,346,edit,0.12,17.3468,17.7964,22.2583,23.5378
00000346_000.png,346,edit,0.18,19.8797,20.0959,29.8221,30.3231
00000346_000.png,346,edit,0.24,21.5773,21.721,35.7909,36.1148
00000346_000.png,346,edit,0.3,21.9825,22.13,37.183,37.546
00000346_000.png,346,sham,0.0,1.5839,6.1772,1.5147,3.5342
00000346_000.png,346,sham,0.06,2.5088,6.8414,3.0277,5.4618
00000346_000.png,346,sham,0.3,4.3014,8.1262,6.0308,8.5863
00025673_000.png,25673,edit,0.0,8.4201,8.824,3.5219,4.1662
00025673_000.png,25673,edit,0.06,10.7874,11.1406,8.9683,9.9861
00025673_000.png,25673,edit,0.12,12.641,12.9501,13.9457,15.1592
00025673_000.png,25673,edit,0.18,14.4866,14.7477,18.1592,19.4403
00025673_000.png,25673,edit,0.24,15.8015,15.9989,20.5418,21.5175
00025673_000.png,25673,edit,0.3,17.683,17.8237,22.8638,23.5086
00025673_000.png,25673,sham,0.0,-4.5966,5.3268,-0.9265,2.0176
00025673_000.png,25673,sham,0.06,-3.7941,5.4135,0.0565,4.1592
00025673_000.png,25673,sham,0.3,-2.3707,6.7593,0.4956,9.0091
00017758_000.png,17758,edit,0.0,7.322,7.6396,4.8005,5.4105
00017758_000.png,17758,edit,0.06,10.1199,10.2832,14.2389,14.7209
00017758_000.png,17758,edit,0.12,11.6778,11.8061,19.6453,20.1095
00017758_000.png,17758,edit,0.18,12.7417,12.8444,22.1991,22.6894
00017758_000.png,17758,edit,0.24,14.1588,14.2166,26.1514,26.4114
00017758_000.png,17758,edit,0.3,14.7174,14.7658,28.1221,28.354
00017758_000.png,17758,sham,0.0,-0.9394,4.0051,0.2174,2.0857
00017758_000.png,17758,sham,0.06,-0.7936,4.2532,0.3827,3.7798
00017758_000.png,17758,sham,0.3,-1.0888,4.5327,0.5342,5.5978
00021572_022.png,21572,edit,0.0,10.805,11.684,4.2688,5.5567
00021572_022.png,21572,edit,0.06,12.2557,13.1206,10.303,12.2023
00021572_022.png,21572,edit,0.12,13.8961,14.6628,15.1995,17.2529
00021572_022.png,21572,edit,0.18,16.1768,16.5258,19.7526,21.1936
00021572_022.png,21572,edit,0.24,17.3275,17.5694,22.3368,23.0043
00021572_022.png,21572,edit,0.3,18.3955,18.5873,24.4783,24.9445
00021572_022.png,21572,sham,0.0,-2.8841,6.0615,-0.5812,3.4205
00021572_022.png,21572,sham,0.06,-2.3041,6.0843,-0.0235,4.4527
00021572_022.png,21572,sham,0.3,-1.0639,7.955,-0.0793,10.0593
00011504_023.png,11504,edit,0.0,18.0252,18.1523,9.0659,9.4264
00011504_023.png,11504,edit,0.06,22.4154,22.4501,21.3271,21.654
00011504_023.png,11504,edit,0.12,25.5535,25.5727,31.1357,31.4106
00011504_023.png,11504,edit,0.18,28.7019,28.7144,39.3542,39.466
00011504_023.png,11504,edit,0.24,30.3137,30.3249,44.9226,45.0324
00011504_023.png,11504,edit,0.3,31.8934,31.9038,49.4877,49.6131
00011504_023.png,11504,sham,0.0,-0.2556,5.6598,2.7404,3.9729
00011504_023.png,11504,sham,0.06,0.2001,6.0921,5.183,6.7161
00011504_023.png,11504,sham,0.3,0.2996,6.3205,6.3144,9.2552
00029901_000.png,29901,edit,0.0,5.7798,6.4372,2.8568,3.6446
00029901_000.png,29901,edit,0.06,7.165,7.6446,7.5795,8.6481
00029901_000.png,29901,edit,0.12,8.0719,8.4472,10.9156,12.1255
00029901_000.png,29901,edit,0.18,8.9454,9.1843,13.1802,14.2365
00029901_000.png,29901,edit,0.24,9.9277,10.0736,15.3698,15.9103
00029901_000.png,29901,edit,0.3,10.4891,10.6105,16.509,16.9223
00029901_000.png,29901,sham,0.0,6.6399,7.0405,2.116,2.6171
00029901_000.png,29901,sham,0.06,7.3037,7.6623,4.3608,4.8704
00029901_000.png,29901,sham,0.3,8.7563,9.0206,11.9446,12.4448
00009771_000.png,9771,edit,0.0,12.0376,12.175,4.6811,4.9636
00009771_000.png,9771,edit,0.06,13.5413,13.6315,10.1174,10.4461
00009771_000.png,9771,edit,0.12,14.7099,14.7546,15.1397,15.4756
00009771_000.png,9771,edit,0.18,16.3721,16.4155,20.8157,21.0025
00009771_000.png,9771,edit,0.24,17.4641,17.5036,23.3601,23.571
00009771_000.png,9771,edit,0.3,18.4949,18.5186,25.6977,25.8292
00009771_000.png,9771,sham,0.0,-28.5838,29.3567,-8.6056,10.2486
00009771_000.png,9771,sham,0.06,-29.4783,30.2761,-12.1049,14.2091
00009771_000.png,9771,sham,0.3,-27.3778,28.4282,-14.0755,18.2563
00011470_006.png,11470,edit,0.0,14.2575,14.4711,8.1789,8.4973
00011470_006.png,11470,edit,0.06,17.5341,17.654,17.7207,18.1258
00011470_006.png,11470,edit,0.12,20.1381,20.2394,26.7205,27.0167
00011470_006.png,11470,edit,0.18,22.1664,22.2319,32.3496,32.5504
00011470_006.png,11470,edit,0.24,24.6057,24.654,37.5171,37.6929
00011470_006.png,11470,edit,0.3,26.3177,26.3384,40.597,40.6837
00011470_006.png,11470,sham,0.0,-1.3388,6.5828,1.2699,3.3015
00011470_006.png,11470,sham,0.06,-1.0141,7.0338,2.6748,5.2741
00011470_006.png,11470,sham,0.3,-0.3772,7.4519,4.3745,8.0487
00017512_000.png,17512,edit,0.0,16.8795,17.4519,6.6245,7.6646
00017512_000.png,17512,edit,0.06,21.9857,22.5809,18.7635,19.9045
00017512_000.png,17512,edit,0.12,23.4503,23.9426,25.1257,26.1415
00017512_000.png,17512,edit,0.18,25.224,25.7475,28.94,30.0972
00017512_000.png,17512,edit,0.24,26.8381,27.2438,33.7305,34.645
00017512_000.png,17512,edit,0.3,27.6369,27.8796,38.1016,38.7792
00017512_000.png,17512,sham,0.0,3.1578,7.4809,1.4388,3.4691
00017512_000.png,17512,sham,0.06,3.1495,7.849,1.9279,5.2651
00017512_000.png,17512,sham,0.3,2.7158,6.3404,4.2407,7.3114
00022227_000.png,22227,edit,0.0,18.7716,18.8891,6.5558,7.1076
00022227_000.png,22227,edit,0.06,21.3399,21.4307,13.8659,14.6612
00022227_000.png,22227,edit,0.12,24.3917,24.4362,21.4012,21.887
00022227_000.png,22227,edit,0.18,26.8752,26.9111,26.9572,27.2478
00022227_000.png,22227,edit,0.24,29.2251,29.2556,32.2676,32.4428
00022227_000.png,22227,edit,0.3,30.4045,30.4293,35.9227,36.0702
00022227_000.png,22227,sham,0.0,0.2463,4.2709,1.6328,2.9471
00022227_000.png,22227,sham,0.06,1.0438,4.6016,3.0245,4.533
00022227_000.png,22227,sham,0.3,4.1817,6.4364,12.4592,13.0861
00013421_000.png,13421,edit,0.0,16.8799,17.0124,7.7629,8.3948
00013421_000.png,13421,edit,0.06,19.768,19.8598,17.346,17.948
00013421_000.png,13421,edit,0.12,22.4242,22.5061,25.5049,26.1777
00013421_000.png,13421,edit,0.18,25.0599,25.1465,31.7516,32.3058
00013421_000.png,13421,edit,0.24,27.699,27.7805,38.2057,38.5882
00013421_000.png,13421,edit,0.3,29.5086,29.569,43.3057,43.6374
00013421_000.png,13421,sham,0.0,1.776,5.9722,2.8292,4.2042
00013421_000.png,13421,sham,0.06,2.1746,6.4219,4.3327,6.3619
00013421_000.png,13421,sham,0.3,2.7154,6.8325,5.576,8.7136
00013342_003.png,13342,edit,0.0,15.0501,15.3189,6.6288,7.2833
00013342_003.png,13342,edit,0.06,17.9617,18.1197,14.872,15.4358
00013342_003.png,13342,edit,0.12,21.7444,21.8008,24.2406,24.4641
00013342_003.png,13342,edit,0.18,23.0906,23.1249,28.8664,29.0185
00013342_003.png,13342,edit,0.24,24.6686,24.697,32.6012,32.735
00013342_003.png,13342,edit,0.3,26.7726,26.7881,37.3539,37.4224
00013342_003.png,13342,sham,0.0,-5.3392,7.2548,0.3123,2.5269
00013342_003.png,13342,sham,0.06,-5.7673,7.5464,-0.0021,3.5269
00013342_003.png,13342,sham,0.3,-6.0903,7.8221,-1.6049,5.5403
00026876_010.png,26876,edit,0.0,5.2309,7.3875,4.4094,4.9301
00026876_010.png,26876,edit,0.06,6.4179,8.3305,8.7364,9.2469
00026876_010.png,26876,edit,0.12,7.3654,8.9581,11.4775,11.8773
00026876_010.png,26876,edit,0.18,7.758,9.3698,14.3783,14.7486
00026876_010.png,26876,edit,0.24,8.3541,9.8341,15.926,16.249
00026876_010.png,26876,edit,0.3,8.6182,10.0725,16.8471,17.1557
00026876_010.png,26876,sham,0.0,52.8668,53.7496,7.1284,8.4693
00026876_010.png,26876,sham,0.06,51.8371,52.9099,7.1604,9.6532
00026876_010.png,26876,sham,0.3,52.2892,53.0841,10.9944,13.7851
00022251_000.png,22251,edit,0.0,7.1444,9.096,4.3869,5.6891
00022251_000.png,22251,edit,0.06,9.9738,11.3928,11.8168,13.3178
00022251_000.png,22251,edit,0.12,12.7268,13.7901,17.7825,19.0735
00022251_000.png,22251,edit,0.18,15.0204,15.7324,21.8933,22.9795
00022251_000.png,22251,edit,0.24,17.6114,18.2654,26.2674,26.9298
00022251_000.png,22251,edit,0.3,18.6096,19.112,29.0324,29.6318
00022251_000.png,22251,sham,0.0,-6.0859,7.4202,-0.2201,2.442
00022251_000.png,22251,sham,0.06,-5.9149,7.4426,0.0471,3.6436
00022251_000.png,22251,sham,0.3,-4.2955,7.0461,1.6423,5.7281
00028644_007.png,28644,edit,0.0,1.0002,3.958,1.135,2.4226
00028644_007.png,28644,edit,0.06,1.2291,4.4544,1.3203,4.3155
00028644_007.png,28644,edit,0.12,1.7445,4.5615,0.5067,5.5241
00028644_007.png,28644,edit,0.18,2.5823,4.9991,2.7537,7.361
00028644_007.png,28644,edit,0.24,2.9725,5.1497,3.5224,7.8421
00028644_007.png,28644,edit,0.3,3.3371,5.3154,4.6687,8.6185
00028644_007.png,28644,sham,0.0,-7.1842,11.2841,-3.5745,4.5323
00028644_007.png,28644,sham,0.06,-7.9398,12.3341,-7.7059,9.1409
00028644_007.png,28644,sham,0.3,-7.2042,12.1108,-9.275,12.3704
00020221_000.png,20221,edit,0.0,15.2483,16.1805,7.7161,8.3071
00020221_000.png,20221,edit,0.06,19.6857,20.3584,20.0842,20.5489
00020221_000.png,20221,edit,0.12,23.9583,24.5304,29.2706,29.7725
00020221_000.png,20221,edit,0.18,26.1903,26.6196,34.1886,34.6385
00020221_000.png,20221,edit,0.24,27.9378,28.204,38.3121,38.635
00020221_000.png,20221,edit,0.3,30.1579,30.3249,43.321,43.5492
00020221_000.png,20221,sham,0.0,9.2149,11.3315,5.4199,6.3457
00020221_000.png,20221,sham,0.06,10.2287,12.1973,9.1245,10.0456
00020221_000.png,20221,sham,0.3,13.056,14.7223,15.9101,16.7554
00012161_007.png,12161,edit,0.0,4.3209,4.9142,3.7024,4.2789
00012161_007.png,12161,edit,0.06,5.9549,6.3063,9.9499,10.5022
00012161_007.png,12161,edit,0.12,7.4141,7.6306,15.1561,15.6824
00012161_007.png,12161,edit,0.18,8.3838,8.5427,18.2964,18.731
00012161_007.png,12161,edit,0.24,8.8237,8.9548,19.8506,20.1874
00012161_007.png,12161,edit,0.3,9.2856,9.3846,21.5689,21.8855
00012161_007.png,12161,sham,0.0,-9.6076,10.0501,-2.169,3.2773
00012161_007.png,12161,sham,0.06,-10.528,11.0018,-4.0073,5.6831
00012161_007.png,12161,sham,0.3,-14.2058,14.5404,-8.7805,10.7729
00028785_004.png,28785,edit,0.0,8.737,8.8605,4.545,4.9048
00028785_004.png,28785,edit,0.06,10.0246,10.1569,11.3537,11.9924
00028785_004.png,28785,edit,0.12,10.974,11.0336,14.2547,14.6418
00028785_004.png,28785,edit,0.18,11.6845,11.7276,17.0823,17.4005
00028785_004.png,28785,edit,0.24,12.4159,12.4372,19.239,19.4306
00028785_004.png,28785,edit,0.3,12.7973,12.8199,20.5901,20.8384
00028785_004.png,28785,sham,0.0,29.4743,30.2441,5.8444,7.8804
00028785_004.png,28785,sham,0.06,29.7991,30.6392,11.529,14.9754
00028785_004.png,28785,sham,0.3,29.9442,30.254,17.9516,20.6144
00027155_000.png,27155,edit,0.0,12.6525,13.1165,3.6609,4.8024
00027155_000.png,27155,edit,0.06,17.1602,17.4112,14.4265,15.3677
00027155_000.png,27155,edit,0.12,20.5709,20.7153,22.317,22.9473
00027155_000.png,27155,edit,0.18,22.3399,22.4261,26.804,27.2108
00027155_000.png,27155,edit,0.24,23.6763,23.7405,31.2449,31.5754
00027155_000.png,27155,edit,0.3,25.287,25.3405,36.6306,36.8701
00027155_000.png,27155,sham,0.0,0.5124,3.6343,0.7584,2.4065
00027155_000.png,27155,sham,0.06,0.5706,4.0486,0.8242,4.4221
00027155_000.png,27155,sham,0.3,0.5576,4.3034,1.9048,7.142
00028191_000.png,28191,edit,0.0,8.1641,8.4001,4.4202,4.6579
00028191_000.png,28191,edit,0.06,9.9689,10.1482,10.7613,11.0567
00028191_000.png,28191,edit,0.12,11.1096,11.2649,14.5516,14.8018
00028191_000.png,28191,edit,0.18,12.051,12.1734,17.7867,17.9851
00028191_000.png,28191,edit,0.24,12.6608,12.7608,19.4647,19.593
00028191_000.png,28191,edit,0.3,13.1327,13.2257,21.4005,21.5325
00028191_000.png,28191,sham,0.0,6.708,7.2175,1.9802,3.2991
00028191_000.png,28191,sham,0.06,8.4243,8.849,5.5626,7.2021
00028191_000.png,28191,sham,0.3,45.3211,45.7058,20.6992,22.9769
00002593_001.png,2593,edit,0.0,14.5363,14.9921,6.7513,7.4686
00002593_001.png,2593,edit,0.06,17.5719,17.9653,15.9594,16.8142
00002593_001.png,2593,edit,0.12,20.7943,21.066,23.2767,23.8947
00002593_001.png,2593,edit,0.18,25.5278,25.621,33.5661,33.8345
00002593_001.png,2593,edit,0.24,26.8133,26.8929,37.005,37.2623
00002593_001.png,2593,edit,0.3,27.2813,27.3553,39.0311,39.2693
00002593_001.png,2593,sham,0.0,6.0455,9.6473,2.3785,3.7612
00002593_001.png,2593,sham,0.06,6.8168,10.1905,3.7761,5.5907
00002593_001.png,2593,sham,0.3,9.5358,11.8989,7.6867,9.6547
00015391_000.png,15391,edit,0.0,29.3293,29.6095,11.2308,11.6458
00015391_000.png,15391,edit,0.06,32.5652,32.785,21.1004,21.5985
00015391_000.png,15391,edit,0.12,34.8213,35.0157,28.5701,29.0777
00015391_000.png,15391,edit,0.18,36.9411,37.0939,34.6786,34.9729
00015391_000.png,15391,edit,0.24,38.7538,38.8772,40.744,40.9931
00015391_000.png,15391,edit,0.3,39.9705,40.1019,43.9376,44.1476
00015391_000.png,15391,sham,0.0,-7.2067,9.4801,-0.8972,3.3152
00015391_000.png,15391,sham,0.06,-7.2331,9.672,-1.4216,4.7396
00015391_000.png,15391,sham,0.3,-6.8035,10.0724,-0.6449,6.7586
00004730_000.png,4730,edit,0.0,3.522,4.0601,1.8774,2.6152
00004730_000.png,4730,edit,0.06,4.9622,5.2886,6.0742,6.75
00004730_000.png,4730,edit,0.12,6.3249,6.5329,10.8244,11.3085
00004730_000.png,4730,edit,0.18,7.3517,7.5331,13.7669,14.2031
00004730_000.png,4730,edit,0.24,8.0504,8.214,16.0961,16.5044
00004730_000.png,4730,edit,0.3,8.6269,8.776,17.2981,17.682
00004730_000.png,4730,sham,0.0,-11.6375,11.9594,-1.8593,3.2526
00004730_000.png,4730,sham,0.06,-13.852,14.2122,-3.4383,6.8219
00004730_000.png,4730,sham,0.3,-14.8416,15.6991,-1.6001,12.4178
00014343_000.png,14343,edit,0.0,19.4304,19.5812,8.0996,8.8119
00014343_000.png,14343,edit,0.06,23.1039,23.2383,17.9712,19.1101
00014343_000.png,14343,edit,0.12,26.321,26.4117,26.1115,27.4511
00014343_000.png,14343,edit,0.18,30.5971,30.6407,34.9816,35.4646
00014343_000.png,14343,edit,0.24,32.4842,32.5239,39.2154,39.5051
00014343_000.png,14343,edit,0.3,35.0609,35.0817,44.9143,45.0581
00014343_000.png,14343,sham,0.0,0.9384,5.2907,1.5557,3.8404
00014343_000.png,14343,sham,0.06,0.975,5.525,1.8638,5.7558
00014343_000.png,14343,sham,0.3,0.7759,6.2096,2.1511,8.3249
00004176_001.png,4176,edit,0.0,6.2998,6.7881,4.5001,4.9134
00004176_001.png,4176,edit,0.06,7.4551,7.8379,8.9275,9.4061
00004176_001.png,4176,edit,0.12,8.8173,9.1194,13.3491,13.723
00004176_001.png,4176,edit,0.18,9.5719,9.8632,16.2522,16.5344
00004176_001.png,4176,edit,0.24,9.9922,10.2896,17.6378,17.9483
00004176_001.png,4176,edit,0.3,10.3466,10.6307,20.1033,20.3455
00004176_001.png,4176,sham,0.0,-2.4719,4.145,-1.2451,2.4649
00004176_001.png,4176,sham,0.06,-3.2434,4.5542,-2.6806,3.9785
00004176_001.png,4176,sham,0.3,-4.9654,6.0337,-5.5362,7.8382
00018186_004.png,18186,edit,0.0,19.4891,19.6053,7.5346,8.0462
00018186_004.png,18186,edit,0.06,22.8769,22.9429,16.7667,17.3692
00018186_004.png,18186,edit,0.12,26.4173,26.4494,25.7574,26.2922
00018186_004.png,18186,edit,0.18,28.4921,28.5151,30.5965,31.0286
00018186_004.png,18186,edit,0.24,29.6508,29.6641,34.5822,34.8572
00018186_004.png,18186,edit,0.3,31.4634,31.4751,38.5022,38.7369
00018186_004.png,18186,sham,0.0,2.0856,6.9038,2.9872,4.2467
00018186_004.png,18186,sham,0.06,4.7343,8.8046,8.8702,11.0374
00018186_004.png,18186,sham,0.3,13.0753,13.9069,24.6165,25.0798
00018868_000.png,18868,edit,0.0,10.5912,11.0961,2.9887,4.2644
00018868_000.png,18868,edit,0.06,15.166,15.377,10.51,11.4188
00018868_000.png,18868,edit,0.12,18.7586,18.9004,17.1188,17.8421
00018868_000.png,18868,edit,0.18,20.9773,21.1234,21.2678,22.061
00018868_000.png,18868,edit,0.24,22.5544,22.6168,23.8994,24.324
00018868_000.png,18868,edit,0.3,24.3265,24.3463,28.4452,28.6236
00018868_000.png,18868,sham,0.0,1.961,4.174,1.0563,2.0665
00018868_000.png,18868,sham,0.06,2.3696,4.3562,2.5473,3.5522
00018868_000.png,18868,sham,0.3,3.3759,4.8764,4.9733,5.8021
00023982_000.png,23982,edit,0.0,13.9239,14.0448,5.1819,5.6719
00023982_000.png,23982,edit,0.06,16.0103,16.1338,13.1877,13.797
00023982_000.png,23982,edit,0.12,18.7337,18.8542,20.5834,21.218
00023982_000.png,23982,edit,0.18,21.2138,21.3294,27.2224,27.6733
00023982_000.png,23982,edit,0.24,22.9344,23.0391,31.5689,31.948
00023982_000.png,23982,edit,0.3,24.3015,24.3989,34.7578,35.1282
00023982_000.png,23982,sham,0.0,-9.3026,11.1476,-4.9942,7.804
00023982_000.png,23982,sham,0.06,-9.5246,11.519,-6.8852,10.9027
00023982_000.png,23982,sham,0.3,2.7823,7.4543,12.7425,14.7325
00017467_011.png,17467,edit,0.0,22.6825,23.0026,5.7259,6.3496
00017467_011.png,17467,edit,0.06,19.7414,20.1288,14.2605,14.8791
00017467_011.png,17467,edit,0.12,21.1531,21.4617,18.4893,19.1735
00017467_011.png,17467,edit,0.18,24.2184,24.4874,24.9569,25.4508
00017467_011.png,17467,edit,0.24,25.597,25.8292,28.3509,28.7692
00017467_011.png,17467,edit,0.3,26.775,26.9991,30.5107,30.9541
00017467_011.png,17467,sham,0.0,17.8772,34.4312,2.937,9.5583
00017467_011.png,17467,sham,0.06,27.8956,41.0825,10.289,17.9291
00017467_011.png,17467,sham,0.3,34.8934,45.8746,25.4013,31.9567
00000348_003.png,348,edit,0.0,8.4911,9.2209,5.36,5.7965
00000348_003.png,348,edit,0.06,9.8217,10.4624,11.8824,12.4178
00000348_003.png,348,edit,0.12,10.9112,11.5153,15.8367,16.4147
00000348_003.png,348,edit,0.18,11.7748,12.3589,19.1796,19.6881
00000348_003.png,348,edit,0.24,12.8028,13.2365,23.1051,23.4353
00000348_003.png,348,edit,0.3,13.6811,14.0328,26.4881,26.7497
00000348_003.png,348,sham,0.0,-0.102,5.3385,-0.3208,3.0581
00000348_003.png,348,sham,0.06,-0.1351,5.0983,-0.3611,4.0989
00000348_003.png,348,sham,0.3,-0.5151,5.0601,-1.0391,5.6749
00003084_001.png,3084,edit,0.0,7.9776,8.2422,6.1287,6.5164
00003084_001.png,3084,edit,0.06,9.5946,9.8152,14.5271,15.1426
00003084_001.png,3084,edit,0.12,10.4452,10.6149,19.8709,20.3469
00003084_001.png,3084,edit,0.18,11.2388,11.3863,22.876,23.2371
00003084_001.png,3084,edit,0.24,12.0423,12.1686,25.0246,25.2847
00003084_001.png,3084,edit,0.3,12.3793,12.4866,26.1509,26.4142
00003084_001.png,3084,sham,0.0,-5.2234,6.898,-0.1305,3.4011
00003084_001.png,3084,sham,0.06,-5.4099,7.9187,2.0201,7.4492
00003084_001.png,3084,sham,0.3,-5.2963,8.6572,5.4054,12.0583
00002375_000.png,2375,edit,0.0,6.5301,6.7438,4.3627,4.7726
00002375_000.png,2375,edit,0.06,7.8524,7.983,9.8173,10.3531
00002375_000.png,2375,edit,0.12,8.7085,8.8185,14.0151,14.4034
00002375_000.png,2375,edit,0.18,9.6628,9.819,17.2149,17.6592
00002375_000.png,2375,edit,0.24,10.6805,10.8161,20.6155,21.0082
00002375_000.png,2375,edit,0.3,11.0024,11.1312,21.7562,22.0747
00002375_000.png,2375,sham,0.0,-13.5311,14.3726,-1.1198,3.4421
00002375_000.png,2375,sham,0.06,-13.0011,14.2984,0.088,6.8016
00002375_000.png,2375,sham,0.3,-11.3702,13.1361,1.2723,10.8823
00015170_005.png,15170,edit,0.0,14.3649,14.4953,6.2772,6.8197
00015170_005.png,15170,edit,0.06,18.7507,18.817,18.1097,18.5614
00015170_005.png,15170,edit,0.12,20.2248,20.2541,24.1482,24.4897
00015170_005.png,15170,edit,0.18,22.8416,22.8636,30.5699,30.7786
00015170_005.png,15170,edit,0.24,24.4759,24.4944,34.3241,34.4854
00015170_005.png,15170,edit,0.3,26.0261,26.0426,39.1726,39.2916
00015170_005.png,15170,sham,0.0,-2.4482,4.7948,0.6242,2.5063
00015170_005.png,15170,sham,0.06,-2.7427,4.9964,0.8135,3.7398
00015170_005.png,15170,sham,0.3,-3.713,5.6324,0.235,5.2227
00020074_003.png,20074,edit,0.0,19.4335,19.5306,8.0777,8.4831
00020074_003.png,20074,edit,0.06,22.7418,22.7896,17.8537,18.5309
00020074_003.png,20074,edit,0.12,24.6771,24.7163,24.9288,25.2625
00020074_003.png,20074,edit,0.18,27.1252,27.15,31.9233,32.1135
00020074_003.png,20074,edit,0.24,28.5035,28.5244,35.6762,35.8221
00020074_003.png,20074,edit,0.3,29.4228,29.4412,38.024,38.1553
00020074_003.png,20074,sham,0.0,0.574,4.4519,1.5726,2.9205
00020074_003.png,20074,sham,0.06,1.0639,4.7384,2.3398,4.5313
00020074_003.png,20074,sham,0.3,1.2503,4.8252,3.2988,6.5079
00018267_000.png,18267,edit,0.0,10.1458,10.8367,4.6603,5.5706
00018267_000.png,18267,edit,0.06,13.4165,13.81,11.324,12.261
00018267_000.png,18267,edit,0.12,15.6369,15.9318,17.1065,18.1083
00018267_000.png,18267,edit,0.18,17.4001,17.6129,21.6847,22.5125
00018267_000.png,18267,edit,0.24,18.4176,18.5824,23.7847,24.3753
00018267_000.png,18267,edit,0.3,19.9115,20.0324,28.4399,28.8619
00018267_000.png,18267,sham,0.0,-5.5289,6.1764,-1.442,2.3669
00018267_000.png,18267,sham,0.06,-5.5404,6.2692,-2.4431,3.7912
00018267_000.png,18267,sham,0.3,-6.123,6.83,-4.4385,6.2651
00018174_000.png,18174,edit,0.0,20.9443,21.0136,7.0366,7.4386
00018174_000.png,18174,edit,0.06,24.6626,24.6924,18.2625,18.5617
00018174_000.png,18174,edit,0.12,27.0848,27.1089,24.18,24.6591
00018174_000.png,18174,edit,0.18,30.2481,30.2643,31.8919,32.1813
00018174_000.png,18174,edit,0.24,32.1793,32.1936,37.1262,37.3129
00018174_000.png,18174,edit,0.3,33.7529,33.7654,40.7798,40.8982
00018174_000.png,18174,sham,0.0,-3.4895,8.4711,-2.4445,4.7775
00018174_000.png,18174,sham,0.06,-4.0442,9.2327,-3.281,7.002
00018174_000.png,18174,sham,0.3,-4.7145,10.2142,-4.1568,9.4669
00013643_000.png,13643,edit,0.0,12.8394,12.9002,6.041,6.368
00013643_000.png,13643,edit,0.06,17.4981,17.5417,16.6652,17.0884
00013643_000.png,13643,edit,0.12,20.5273,20.5463,23.9639,24.4091
00013643_000.png,13643,edit,0.18,23.2663,23.286,30.3064,30.5517
00013643_000.png,13643,edit,0.24,25.0261,25.0387,34.484,34.6215
00013643_000.png,13643,edit,0.3,26.3743,26.3859,37.0917,37.2304
00013643_000.png,13643,sham,0.0,0.7016,4.5653,1.4583,2.8875
00013643_000.png,13643,sham,0.06,1.4496,4.9284,2.6921,4.575
00013643_000.png,13643,sham,0.3,6.7822,8.6827,15.113,16.0535
00014779_000.png,14779,edit,0.0,21.4438,21.7267,7.9076,9.0343
00014779_000.png,14779,edit,0.06,23.8771,24.2277,16.0969,17.8883
00014779_000.png,14779,edit,0.12,26.912,27.2127,24.8101,27.7589
00014779_000.png,14779,edit,0.18,28.5287,28.7658,30.3353,33.2538
00014779_000.png,14779,edit,0.24,31.0486,31.1917,36.8249,39.0302
00014779_000.png,14779,edit,0.3,33.0783,33.176,41.051,42.5223
00014779_000.png,14779,sham,0.0,-3.7825,9.3253,1.5972,4.7936
00014779_000.png,14779,sham,0.06,-3.5781,9.8232,3.035,6.9789
00014779_000.png,14779,sham,0.3,-3.5832,10.5705,4.2111,10.0579
00004758_000.png,4758,edit,0.0,7.1146,8.0852,2.9379,4.286
00004758_000.png,4758,edit,0.06,9.1261,9.8946,9.8801,11.5721
00004758_000.png,4758,edit,0.12,10.4193,11.0884,14.9274,16.8283
00004758_000.png,4758,edit,0.18,11.5145,12.063,18.8411,20.1734
00004758_000.png,4758,edit,0.24,12.2302,12.7229,21.514,22.5512
00004758_000.png,4758,edit,0.3,12.6773,13.1277,24.1268,25.1848
00004758_000.png,4758,sham,0.0,-1.5088,5.7016,-1.1946,3.3061
00004758_000.png,4758,sham,0.06,-1.426,6.0965,-0.1314,6.6028
00004758_000.png,4758,sham,0.3,-1.2364,6.4396,0.6367,9.1485
00012296_000.png,12296,edit,0.0,11.6671,12.6048,6.8625,7.6569
00012296_000.png,12296,edit,0.06,15.4183,15.9639,15.9979,16.6685
00012296_000.png,12296,edit,0.12,17.7464,18.1482,22.7824,23.3381
00012296_000.png,12296,edit,0.18,19.3962,19.6402,26.6474,27.3239
00012296_000.png,12296,edit,0.24,21.813,21.9395,32.8844,33.3785
00012296_000.png,12296,edit,0.3,23.1966,23.2782,35.5898,36.024
00012296_000.png,12296,sham,0.0,2.9387,5.9263,1.7254,3.0628
00012296_000.png,12296,sham,0.06,3.4383,6.3106,2.3208,4.5349
00012296_000.png,12296,sham,0.3,3.7048,6.4828,2.6952,6.8588
00006330_000.png,6330,edit,0.0,10.5994,10.8343,9.7462,10.1081
00006330_000.png,6330,edit,0.06,13.5612,13.7471,21.9759,22.4672
00006330_000.png,6330,edit,0.12,15.4065,15.5397,28.3812,28.8341
00006330_000.png,6330,edit,0.18,16.7675,16.863,33.6038,33.8529
00006330_000.png,6330,edit,0.24,17.7666,17.8391,37.3695,37.5558
00006330_000.png,6330,edit,0.3,18.4837,18.5438,39.9569,40.0863
00006330_000.png,6330,sham,0.0,-1.9239,9.1167,3.8391,5.4703
00006330_000.png,6330,sham,0.06,-1.7396,10.9817,9.817,12.5619
00006330_000.png,6330,sham,0.3,-1.4703,11.0646,14.3216,17.9252
00018117_008.png,18117,edit,0.0,9.4797,11.8917,4.0572,5.336
00018117_008.png,18117,edit,0.06,11.9298,14.3249,8.6941,11.8575
00018117_008.png,18117,edit,0.12,14.5344,16.6809,13.084,17.9806
00018117_008.png,18117,edit,0.18,13.737,17.4683,15.6632,22.0643
00018117_008.png,18117,edit,0.24,14.5056,18.2013,19.0653,25.6988
00018117_008.png,18117,edit,0.3,16.5184,19.9287,18.7712,29.3152
00018117_008.png,18117,sham,0.0,-0.565,6.7608,0.445,2.8644
00018117_008.png,18117,sham,0.06,0.2188,7.2886,1.7034,5.0087
00018117_008.png,18117,sham,0.3,0.2433,8.0809,3.9407,9.1864
00022617_000.png,22617,edit,0.0,12.7067,13.4264,5.2221,6.3695
00022617_000.png,22617,edit,0.06,16.5548,17.1152,13.8833,15.7304
00022617_000.png,22617,edit,0.12,20.5131,20.8246,22.1467,24.3427
00022617_000.png,22617,edit,0.18,23.1104,23.3135,29.4506,31.2835
00022617_000.png,22617,edit,0.24,23.9817,24.1475,32.0753,33.7399
00022617_000.png,22617,edit,0.3,25.9722,26.0964,36.4477,38.0851
00022617_000.png,22617,sham,0.0,1.3457,4.6743,1.4728,3.0786
00022617_000.png,22617,sham,0.06,1.9859,5.0782,3.2221,5.2557
00022617_000.png,22617,sham,0.3,2.4473,5.1178,3.2029,6.39
00001950_001.png,1950,edit,0.0,8.6855,8.9947,5.6474,6.2129
00001950_001.png,1950,edit,0.06,10.9771,11.1841,14.8731,15.3657
00001950_001.png,1950,edit,0.12,12.3657,12.5202,20.6522,21.0258
00001950_001.png,1950,edit,0.18,13.2,13.3281,24.0361,24.3365
00001950_001.png,1950,edit,0.24,14.181,14.2647,27.9197,28.1468
00001950_001.png,1950,edit,0.3,14.6227,14.6925,29.511,29.7186
00001950_001.png,1950,sham,0.0,-1.5654,3.9927,-0.1629,3.0127
00001950_001.png,1950,sham,0.06,-1.9216,4.1027,-1.4401,4.9758
00001950_001.png,1950,sham,0.3,-1.9338,4.3518,-3.5514,8.5081
00011465_000.png,11465,edit,0.0,11.425,12.6321,5.5223,6.7216
00011465_000.png,11465,edit,0.06,15.2277,16.0515,15.0186,16.0757
00011465_000.png,11465,edit,0.12,18.2588,18.7372,23.1313,23.9425
00011465_000.png,11465,edit,0.18,20.8101,21.0622,29.248,29.783
00011465_000.png,11465,edit,0.24,23.0416,23.1932,34.711,35.098
00011465_000.png,11465,edit,0.3,24.2356,24.3522,37.9738,38.3167
00011465_000.png,11465,sham,0.0,0.8595,5.473,1.8075,3.8979
00011465_000.png,11465,sham,0.06,3.4416,7.1935,8.6665,9.905
00011465_000.png,11465,sham,0.3,7.3259,9.8479,20.2765,21.2819
00013640_000.png,13640,edit,0.0,18.7917,18.8973,6.9187,7.3893
00013640_000.png,13640,edit,0.06,22.0982,22.1418,17.1582,17.4374
00013640_000.png,13640,edit,0.12,24.0759,24.0959,24.3088,24.5309
00013640_000.png,13640,edit,0.18,26.741,26.7565,30.9177,31.1207
00013640_000.png,13640,edit,0.24,28.891,28.9048,35.327,35.5246
00013640_000.png,13640,edit,0.3,30.8059,30.8179,41.3139,41.4256
00013640_000.png,13640,sham,0.0,0.3845,6.4396,1.4207,3.2659
00013640_000.png,13640,sham,0.06,0.8967,6.6882,1.9093,5.4387
00013640_000.png,13640,sham,0.3,2.0059,7.3074,5.4912,9.3778
00016023_004.png,16023,edit,0.0,13.0266,13.6465,5.7168,7.1676
00016023_004.png,16023,edit,0.06,14.8704,15.5994,11.3126,13.7374
00016023_004.png,16023,edit,0.12,17.8064,18.2906,18.0496,20.521
00016023_004.png,16023,edit,0.18,18.8675,19.2847,21.5269,23.7544
00016023_004.png,16023,edit,0.24,19.6927,20.051,25.1929,27.0933
00016023_004.png,16023,edit,0.3,20.4841,20.7854,27.9945,29.6372
00016023_004.png,16023,sham,0.0,0.9009,4.3733,1.7374,2.9821
00016023_004.png,16023,sham,0.06,0.9521,4.5531,2.5084,4.2004
00016023_004.png,16023,sham,0.3,0.6739,4.779,2.5023,5.4573
00002669_000.png,2669,edit,0.0,8.1287,8.301,4.7586,5.0492
00002669_000.png,2669,edit,0.06,10.1028,10.2113,11.7429,12.0169
00002669_000.png,2669,edit,0.12,11.157,11.2448,16.5392,16.7769
00002669_000.png,2669,edit,0.18,12.0193,12.0887,19.9026,20.1015
00002669_000.png,2669,edit,0.24,12.7735,12.8265,21.8963,22.0412
00002669_000.png,2669,edit,0.3,13.3947,13.43,23.4382,23.5418
00002669_000.png,2669,sham,0.0,-10.4189,10.8159,-1.0289,2.4728
00002669_000.png,2669,sham,0.06,-10.9187,11.4894,-0.7163,5.0997
00002669_000.png,2669,sham,0.3,-11.1544,11.7828,-0.346,7.6535
00018675_000.png,18675,edit,0.0,21.453,21.4887,7.8379,8.0808
00018675_000.png,18675,edit,0.06,25.921,25.9338,19.6593,19.8297
00018675_000.png,18675,edit,0.12,29.1678,29.173,27.703,27.8566
00018675_000.png,18675,edit,0.18,31.932,31.9352,33.7154,33.7635
00018675_000.png,18675,edit,0.24,34.3669,34.3683,39.9006,39.9285
00018675_000.png,18675,edit,0.3,35.9221,35.9231,43.2591,43.2802
00018675_000.png,18675,sham,0.0,24.8414,24.9361,6.1879,6.7402
00018675_000.png,18675,sham,0.06,30.1043,30.1625,17.9792,18.6603
00018675_000.png,18675,sham,0.3,35.7323,35.766,37.7367,38.6879
00021334_000.png,21334,edit,0.0,20.7839,20.9573,8.1974,8.5673
00021334_000.png,21334,edit,0.06,25.0499,25.1547,18.1414,18.7381
00021334_000.png,21334,edit,0.12,28.7726,28.8194,27.6051,28.0233
00021334_000.png,21334,edit,0.18,31.4135,31.4459,34.0788,34.3119
00021334_000.png,21334,edit,0.24,33.1243,33.1543,39.2448,39.4555
00021334_000.png,21334,edit,0.3,35.0575,35.0787,44.1952,44.326
00021334_000.png,21334,sham,0.0,2.18,6.8888,3.0522,4.0332
00021334_000.png,21334,sham,0.06,2.3782,7.1911,3.8455,5.4894
00021334_000.png,21334,sham,0.3,3.043,7.8078,5.6515,8.385
00020065_012.png,20065,edit,0.0,10.9126,11.6383,3.9136,5.3303
00020065_012.png,20065,edit,0.06,15.4667,15.8657,15.1446,16.4072
00020065_012.png,20065,edit,0.12,17.5612,17.8521,21.25,22.2192
00020065_012.png,20065,edit,0.18,19.8333,20.0477,26.4278,27.1441
00020065_012.png,20065,edit,0.24,23.2394,23.3355,35.7417,36.109
00020065_012.png,20065,edit,0.3,24.3169,24.3943,37.807,38.1395
00020065_012.png,20065,sham,0.0,-0.525,5.7657,0.4682,2.7152
00020065_012.png,20065,sham,0.06,-0.2451,6.0745,1.1461,4.7076
00020065_012.png,20065,sham,0.3,0.7538,6.5026,3.381,7.5128
00029006_001.png,29006,edit,0.0,2.2543,3.8288,1.6611,2.721
00029006_001.png,29006,edit,0.06,3.5138,4.7047,6.0648,7.1176
00029006_001.png,29006,edit,0.12,4.0991,5.219,9.0594,9.933
00029006_001.png,29006,edit,0.18,4.4272,5.5312,10.9826,11.6783
00029006_001.png,29006,edit,0.24,4.875,5.7681,12.2243,12.8937
00029006_001.png,29006,edit,0.3,5.3449,6.1204,14.2709,14.759
00029006_001.png,29006,sham,0.0,29.2029,30.1087,3.4522,5.8305
00029006_001.png,29006,sham,0.06,30.6853,31.7279,1.9273,8.0913
00029006_001.png,29006,sham,0.3,33.607,34.6239,2.7338,9.9959
00000408_000.png,408,edit,0.0,3.0849,4.9649,3.0747,3.8436
00000408_000.png,408,edit,0.06,5.0139,6.6694,8.3756,9.2138
00000408_000.png,408,edit,0.12,6.1549,7.4878,13.0015,13.7539
00000408_000.png,408,edit,0.18,7.1923,8.3033,16.2467,16.8934
00000408_000.png,408,edit,0.24,8.4143,9.2943,19.1975,19.7529
00000408_000.png,408,edit,0.3,9.1068,9.8521,21.0842,21.6007
00000408_000.png,408,sham,0.0,-13.6334,13.7819,-3.8613,4.4634
00000408_000.png,408,sham,0.06,-18.4454,18.5618,-8.0396,9.0434
00000408_000.png,408,sham,0.3,-31.6835,31.7457,-19.0283,19.7532
00022065_031.png,22065,edit,0.0,20.656,21.1117,8.3462,9.8331
00022065_031.png,22065,edit,0.06,22.9877,23.5086,16.8061,19.0951
00022065_031.png,22065,edit,0.12,24.9131,25.3937,22.2351,25.2083
00022065_031.png,22065,edit,0.18,27.0645,27.3943,29.1513,31.3526
00022065_031.png,22065,edit,0.24,28.9625,29.1942,34.0453,35.6504
00022065_031.png,22065,edit,0.3,30.1973,30.4335,37.6017,39.2601
00022065_031.png,22065,sham,0.0,6.7159,9.5176,5.2239,5.8511
00022065_031.png,22065,sham,0.06,7.7094,10.2775,8.3226,9.2852
00022065_031.png,22065,sham,0.3,10.2279,12.7655,18.6922,19.7883
00024896_000.png,24896,edit,0.0,20.7875,20.9138,7.0489,7.5365
00024896_000.png,24896,edit,0.06,24.7602,24.9281,16.255,17.1389
00024896_000.png,24896,edit,0.12,27.5399,27.6285,23.227,23.9124
00024896_000.png,24896,edit,0.18,30.9688,30.9945,31.5862,31.8504
00024896_000.png,24896,edit,0.24,33.6177,33.632,37.1706,37.3868
00024896_000.png,24896,edit,0.3,34.5288,34.5431,41.2468,41.4253
00024896_000.png,24896,sham,0.0,0.4333,7.0135,1.6916,3.5649
00024896_000.png,24896,sham,0.06,0.7559,7.1029,2.7925,4.996
00024896_000.png,24896,sham,0.3,-0.0303,7.4252,1.3134,7.209
00002295_000.png,2295,edit,0.0,12.7148,12.8614,6.9526,7.3868
00002295_000.png,2295,edit,0.06,15.102,15.3183,17.4392,18.0537
00002295_000.png,2295,edit,0.12,17.094,17.296,24.3553,24.8925
00002295_000.png,2295,edit,0.18,18.8803,19.0739,29.6744,30.2571
00002295_000.png,2295,edit,0.24,20.2193,20.3527,34.1416,34.5016
00002295_000.png,2295,edit,0.3,20.7995,20.9447,36.3633,36.6903
00002295_000.png,2295,sham,0.0,-16.0434,16.3581,-5.5603,6.1813
00002295_000.png,2295,sham,0.06,-16.4226,16.7389,-6.7723,8.6506
00002295_000.png,2295,sham,0.3,-15.1489,15.5377,-9.0593,12.337
00018283_002.png,18283,edit,0.0,17.5944,17.763,6.9213,7.5431
00018283_002.png,18283,edit,0.06,19.7363,19.8991,14.3271,15.4887
00018283_002.png,18283,edit,0.12,21.5715,21.6494,20.709,21.3039
00018283_002.png,18283,edit,0.18,24.525,24.5759,29.1369,29.4627
00018283_002.png,18283,edit,0.24,25.6353,25.6819,32.6717,32.9038
00018283_002.png,18283,edit,0.3,27.1269,27.1573,36.802,36.9808
00018283_002.png,18283,sham,0.0,-3.2127,8.3912,2.1846,4.2587
00018283_002.png,18283,sham,0.06,-1.7349,8.7168,4.6777,7.9805
00018283_002.png,18283,sham,0.3,6.197,10.5732,20.9609,22.2162
00002592_001.png,2592,edit,0.0,2.7976,7.7111,2.2124,4.9094
00002592_001.png,2592,edit,0.06,5.2167,9.0409,8.3264,12.7588
00002592_001.png,2592,edit,0.12,6.3332,9.9072,13.1127,17.7663
00002592_001.png,2592,edit,0.18,8.151,11.0124,18.504,22.3908
00002592_001.png,2592,edit,0.24,9.4348,11.5962,21.2712,24.5656
00002592_001.png,2592,edit,0.3,9.9741,11.9058,22.3629,25.5937
00002592_001.png,2592,sham,0.0,-1.4275,4.1943,-0.396,2.4685
00002592_001.png,2592,sham,0.06,-3.1376,5.7179,-1.5605,6.3762
00002592_001.png,2592,sham,0.3,-6.1752,9.3595,-8.1015,15.0995
00002081_003.png,2081,edit,0.0,17.3448,20.9653,2.5734,6.5953
00002081_003.png,2081,edit,0.06,14.6485,17.5304,4.735,9.8968
00002081_003.png,2081,edit,0.12,13.7495,15.8102,9.9035,15.019
00002081_003.png,2081,edit,0.18,13.0015,14.967,14.2253,19.1488
00002081_003.png,2081,edit,0.24,14.1694,15.9239,19.1884,23.9457
00002081_003.png,2081,edit,0.3,13.4915,15.5875,20.4451,26.1795
00002081_003.png,2081,sham,0.0,-5.2226,8.4951,-1.4774,4.4042
00002081_003.png,2081,sham,0.06,-6.947,10.5872,-8.4616,12.3733
00002081_003.png,2081,sham,0.3,-6.3703,11.9548,-12.7237,21.7099
00002223_001.png,2223,edit,0.0,5.7698,7.7642,3.3938,6.4717
00002223_001.png,2223,edit,0.06,8.9975,9.4296,13.1329,13.6453
00002223_001.png,2223,edit,0.12,10.5877,10.8606,18.4862,18.8485
00002223_001.png,2223,edit,0.18,11.8075,12.0574,21.1205,21.4802
00002223_001.png,2223,edit,0.24,13.2898,13.4333,24.1425,24.4209
00002223_001.png,2223,edit,0.3,14.6049,14.7058,26.3689,26.6127
00002223_001.png,2223,sham,0.0,-2.5307,7.4392,-0.1937,4.3334
00002223_001.png,2223,sham,0.06,-2.6469,7.8211,-0.4022,5.8361
00002223_001.png,2223,sham,0.3,-1.6216,9.3997,4.5729,11.4379
00003331_001.png,3331,edit,0.0,9.8391,10.2439,4.9384,5.8303
00003331_001.png,3331,edit,0.06,12.1554,12.4685,13.3984,14.4342
00003331_001.png,3331,edit,0.12,13.5722,13.815,18.5518,19.45
00003331_001.png,3331,edit,0.18,15.1379,15.2997,23.3056,23.9057
00003331_001.png,3331,edit,0.24,15.7684,15.9017,26.5561,26.8214
00003331_001.png,3331,edit,0.3,16.6304,16.7484,29.5767,29.7358
00003331_001.png,3331,sham,0.0,-6.4989,8.9812,-2.7106,4.28
00003331_001.png,3331,sham,0.06,-8.2331,10.2009,-6.0464,7.4284
00003331_001.png,3331,sham,0.3,-7.3783,10.6549,-8.3368,10.9584
00024072_000.png,24072,edit,0.0,9.6459,9.7647,6.3954,6.7899
00024072_000.png,24072,edit,0.06,11.1762,11.2769,13.9445,14.4271
00024072_000.png,24072,edit,0.12,11.8939,11.9693,17.8928,18.4269
00024072_000.png,24072,edit,0.18,12.8833,12.9374,20.4649,20.9068
00024072_000.png,24072,edit,0.24,13.9414,13.9845,23.7955,24.0545
00024072_000.png,24072,edit,0.3,14.7745,14.815,26.373,26.5596
00024072_000.png,24072,sham,0.0,-6.501,7.278,-0.5413,2.8175
00024072_000.png,24072,sham,0.06,-6.7553,8.2221,0.5257,6.923
00024072_000.png,24072,sham,0.3,-8.3373,10.0474,-2.1371,14.0389
00007265_002.png,7265,edit,0.0,13.852,13.9087,8.7943,9.1255
00007265_002.png,7265,edit,0.06,15.8299,15.862,17.3759,17.7329
00007265_002.png,7265,edit,0.12,17.2446,17.2662,23.8525,24.1349
00007265_002.png,7265,edit,0.18,18.2946,18.315,28.8467,29.1431
00007265_002.png,7265,edit,0.24,18.92,18.9412,31.988,32.2627
00007265_002.png,7265,edit,0.3,19.5917,19.61,35.0231,35.2678
00007265_002.png,7265,sham,0.0,7.1481,9.5858,0.3033,2.9991
00007265_002.png,7265,sham,0.06,7.1962,11.7926,-1.7364,5.9957
00007265_002.png,7265,sham,0.3,5.2961,12.6129,-6.6732,11.7826
00008473_006.png,8473,edit,0.0,10.1706,14.2596,3.3117,4.6271
00008473_006.png,8473,edit,0.06,12.2219,15.6816,8.8799,10.261
00008473_006.png,8473,edit,0.12,14.957,17.4869,16.7317,17.6968
00008473_006.png,8473,edit,0.18,16.5259,18.5838,22.5146,23.5203
00008473_006.png,8473,edit,0.24,16.1836,18.258,23.5733,24.8042
00008473_006.png,8473,edit,0.3,14.4488,17.9592,20.8101,24.2471
00008473_006.png,8473,sham,0.0,-8.255,9.0631,-1.5942,3.1233
00008473_006.png,8473,sham,0.06,-8.7343,9.6825,-2.948,6.3393
00008473_006.png,8473,sham,0.3,-7.878,9.1251,-5.3756,9.1968
00029169_000.png,29169,edit,0.0,6.6048,7.0805,3.7448,4.4699
00029169_000.png,29169,edit,0.06,7.9379,8.3307,8.5234,9.4488
00029169_000.png,29169,edit,0.12,8.9658,9.2817,12.7062,13.6693
00029169_000.png,29169,edit,0.18,9.6069,9.8781,15.1131,16.0169
00029169_000.png,29169,edit,0.24,10.2809,10.4774,17.0931,17.6598
00029169_000.png,29169,edit,0.3,10.4864,10.6529,18.0412,18.4514
00029169_000.png,29169,sham,0.0,2.1746,4.091,1.4639,2.5058
00029169_000.png,29169,sham,0.06,3.3179,5.1342,5.0075,6.4505
00029169_000.png,29169,sham,0.3,3.4408,5.5325,8.4627,11.4002
00024301_000.png,24301,edit,0.0,15.2885,15.6315,4.3065,5.4795
00024301_000.png,24301,edit,0.06,16.4223,16.7989,10.8886,12.2508
00024301_000.png,24301,edit,0.12,18.3996,18.7463,16.772,18.0693
00024301_000.png,24301,edit,0.18,20.1799,20.4382,22.569,23.5389
00024301_000.png,24301,edit,0.24,21.8313,22.0741,26.8123,27.6437
00024301_000.png,24301,edit,0.3,22.4793,22.6962,28.4334,29.1377
00024301_000.png,24301,sham,0.0,-0.6899,6.0276,1.3178,2.965
00024301_000.png,24301,sham,0.06,-0.5388,6.2385,2.2968,4.4815
00024301_000.png,24301,sham,0.3,-0.5895,6.1946,3.3633,6.1536
00014976_001.png,14976,edit,0.0,6.9378,7.5043,4.2209,4.7624
00014976_001.png,14976,edit,0.06,8.3333,8.8176,9.7725,10.3169
00014976_001.png,14976,edit,0.12,8.6251,9.2525,13.6547,14.209
00014976_001.png,14976,edit,0.18,9.0286,9.6204,16.4969,17.0368
00014976_001.png,14976,edit,0.24,9.7467,10.3576,20.5908,21.2445
00014976_001.png,14976,edit,0.3,10.1683,10.7428,21.5047,22.2858
00014976_001.png,14976,sham,0.0,-4.1739,5.9038,-1.382,3.4826
00014976_001.png,14976,sham,0.06,-4.1396,6.1222,-2.8586,5.9607
00014976_001.png,14976,sham,0.3,-4.2101,6.4007,-3.0975,7.6291
00011633_001.png,11633,edit,0.0,12.9681,13.2221,4.6316,5.5205
00011633_001.png,11633,edit,0.06,15.5885,15.805,11.8732,12.951
00011633_001.png,11633,edit,0.12,18.5149,18.9148,16.8987,19.7175
00011633_001.png,11633,edit,0.18,20.6529,20.9764,20.6354,23.5434
00011633_001.png,11633,edit,0.24,22.0586,22.3333,24.4031,27.0745
00011633_001.png,11633,edit,0.3,23.4979,23.7254,27.5359,29.7638
00011633_001.png,11633,sham,0.0,0.318,5.9693,1.6629,3.8398
00011633_001.png,11633,sham,0.06,0.7087,6.5701,4.0048,6.9827
00011633_001.png,11633,sham,0.3,1.007,7.0068,5.5494,10.0924
