model,phrasing,ctr_band,n_real,n_edited,mean_p_yes_real,mean_p_yes_edited,difference,ci_low,ci_high
4b,0,"[0.4, 0.44)",409,86,0.044,0.264,0.22,0.111,0.341
4b,0,"[0.44, 0.48)",486,145,0.221,0.661,0.441,0.347,0.53
4b,0,"[0.48, 0.52)",355,142,0.536,0.982,0.446,0.378,0.512
4b,0,"[0.52, 0.56)",200,125,0.696,1.0,0.304,0.166,0.447
4b,1,"[0.4, 0.44)",409,86,0.002,0.013,0.011,-0.003,0.037
4b,1,"[0.44, 0.48)",486,145,0.046,0.252,0.206,0.129,0.286
4b,1,"[0.48, 0.52)",355,142,0.224,0.728,0.504,0.413,0.6
4b,1,"[0.52, 0.56)",200,125,0.384,0.979,0.594,0.472,0.704
1.5-4b,0,"[0.4, 0.44)",409,86,0.076,0.258,0.182,0.079,0.291
1.5-4b,0,"[0.44, 0.48)",486,145,0.319,0.701,0.383,0.295,0.461
1.5-4b,0,"[0.48, 0.52)",355,142,0.655,0.978,0.324,0.26,0.387
1.5-4b,0,"[0.52, 0.56)",200,125,0.821,1.0,0.179,0.105,0.248
1.5-4b,1,"[0.4, 0.44)",409,86,0.023,0.089,0.066,0.022,0.125
1.5-4b,1,"[0.44, 0.48)",486,145,0.109,0.37,0.261,0.19,0.336
1.5-4b,1,"[0.48, 0.52)",355,142,0.36,0.843,0.483,0.401,0.561
1.5-4b,1,"[0.52, 0.56)",200,125,0.526,0.996,0.469,0.349,0.592
