image,n_flips,n_scored,max_dlogit,group
00001863_000.png,3,3,5.25,flip
00021425_000.png,3,3,3.5,flip
00009912_007.png,3,3,3.375,flip
00002212_005.png,3,3,2.125,flip
00018883_004.png,3,3,1.386,flip
00021034_000.png,2,3,6.625,flip
00019199_000.png,2,3,2.625,flip
00011030_000.png,2,3,2.5,flip
00011390_001.png,2,3,1.375,flip
00009417_001.png,1,1,8.002,flip
00007990_001.png,1,3,3.401,flip
00003209_001.png,1,1,3.0,flip
00010951_000.png,1,3,2.834,flip
00008745_007.png,1,2,1.625,flip
00004832_011.png,1,1,1.5,flip
00018029_003.png,1,3,1.012,flip
00010190_006.png,1,3,0.981,flip
00004758_000.png,1,2,0.75,flip
00018412_004.png,1,3,0.75,flip
00002058_022.png,1,3,0.375,flip
00002311_001.png,0,2,0.625,no flip
00011504_023.png,0,3,0.25,no flip
00010262_004.png,0,3,-0.223,no flip
00005763_002.png,0,3,0.5,no flip
00014330_002.png,0,3,0.693,no flip
00022979_000.png,0,3,0.0,no flip
00012880_014.png,0,3,1.625,no flip
00020992_001.png,0,3,0.0,no flip
00002219_007.png,0,3,-0.847,no flip
00026406_000.png,0,3,0.25,no flip
00002389_000.png,0,3,0.25,no flip
00016023_001.png,0,3,0.0,no flip
