kind,growth,n,mean_change_in_heart,ci_heart,mean_change_on_border,ci_border
edit,0.0,100,12.33,11.2 to 13.5,5.48,5.1 to 5.9
edit,0.06,100,14.88,13.6 to 16.2,13.37,12.5 to 14.2
edit,0.12,100,16.8,15.4 to 18.3,19.34,18.1 to 20.6
edit,0.18,100,18.52,17.0 to 20.2,24.05,22.5 to 25.5
edit,0.24,100,19.87,18.2 to 21.6,27.79,26.1 to 29.4
edit,0.3,100,20.88,19.2 to 22.7,30.59,28.7 to 32.5
sham,0.0,100,-0.66,-2.6 to 1.3,0.45,-0.1 to 1.0
sham,0.06,100,-0.26,-2.4 to 1.8,1.4,0.4 to 2.5
sham,0.3,100,1.31,-1.2 to 3.9,4.07,2.1 to 6.2
