metric,stat,base,R,E,RE,"E, best on real val"
real_ctr_auroc,mean,0.9497598534363241,0.9794340463458111,0.9693866772298145,0.9799968640654916,0.9681314781804978
real_ctr_auroc,min,0.9497598534363241,0.9784734600911071,0.9681446821152704,0.9790131709249357,0.9658942364824717
real_ctr_auroc,max,0.9497598534363241,0.9805555555555554,0.9701104179045356,0.9808650227767874,0.9704867300455536
real_brier,mean,0.09106685574693933,0.07941895727786105,0.03769797403438985,0.08380009202246867,0.04095837028560082
real_brier,min,0.09106685574693933,0.07748702686648633,0.03660232840992968,0.05035504828990635,0.039560134465732075
real_brier,max,0.09106685574693933,0.0830695084168746,0.03836553718201478,0.10749149505719006,0.0433108625013043
real_nih_auroc,mean,0.96736541910446,0.970354472309607,0.9699232646341104,0.9667872088123168,0.9714292247735342
real_nih_auroc,min,0.96736541910446,0.9698644635874518,0.9676692245121963,0.9651995805525337,0.9677476259077411
real_nih_auroc,max,0.96736541910446,0.9709032820784209,0.9720401023138211,0.9692568527719794,0.9736767314458197
real_median_yes_no_mass,mean,0.9862056,0.9722254233333333,0.9144806566666667,0.9044165933333334,0.7547893999999999
real_median_yes_no_mass,min,0.9862056,0.96504384,0.87701297,0.89843583,0.6208553
real_median_yes_no_mass,max,0.9862056,0.98004603,0.9660734,0.91221535,0.9154696
real_switch_ctr,mean,0.5035759405471852,0.49102358377423333,0.5256426500165224,0.48969011632120135,0.5200127420007351
real_switch_ctr,min,0.5035759405471852,0.487828547625671,0.5241516985444675,0.4814011577965794,0.5149095402267205
real_switch_ctr,max,0.5035759405471852,0.4929664929877499,0.5269678249264003,0.5008649128310266,0.5281892779733802
real_switch_slope,mean,31.70376025787015,29.300552043590656,37.44396710626122,25.44777161507189,30.29254429974787
real_switch_slope,min,31.70376025787015,27.959590205776593,35.698329999613485,22.74093827439519,25.144534419082998
real_switch_slope,max,31.70376025787015,30.242148583294302,39.252713899949484,30.808647236520283,34.42154673262811
transfer_phrasing_ctr_auroc,mean,0.951953357100416,0.9781615171321053,0.9689327919720077,0.9793589489667921,0.9679548755529148
transfer_phrasing_ctr_auroc,min,0.951953357100416,0.9769434541493366,0.9678228362051892,0.9782481679540503,0.9662878787878788
transfer_phrasing_ctr_auroc,max,0.951953357100416,0.9799935630817983,0.9699569221628045,0.9805976430976431,0.9705857595563478
transfer_phrasing_brier,mean,0.0671924914700765,0.05242551833465319,0.04216204552063879,0.05991020491329046,0.04336982327152805
transfer_phrasing_brier,min,0.0671924914700765,0.05081180707604852,0.03962331769205465,0.04020893893488401,0.04100655858284479
transfer_phrasing_brier,max,0.0671924914700765,0.05428998177235024,0.04375264304803367,0.07479525519949215,0.04760123019443869
transfer_phrasing_nih_auroc,mean,0.9637001538627388,0.9698187294400507,0.969139250678662,0.9660652626283414,0.9703185383366492
transfer_phrasing_nih_auroc,min,0.9637001538627388,0.9693156538186379,0.9650525779358872,0.9648075735748095,0.966336400787934
transfer_phrasing_nih_auroc,max,0.9637001538627388,0.9706092768451278,0.9720107017904918,0.9684042375954292,0.9733925263869698
transfer_phrasing_median_yes_no_mass,mean,0.992934,0.9717420099999999,0.84766658,0.8977331666666667,0.6777651466666667
transfer_phrasing_median_yes_no_mass,min,0.992934,0.96180224,0.7978655,0.8929971,0.51251864
transfer_phrasing_median_yes_no_mass,max,0.992934,0.97926366,0.94553214,0.9054297,0.8843628
transfer_phrasing_switch_ctr,mean,0.5472575600707865,0.5029627631100941,0.5367108592958306,0.49894816312042894,0.5343300345388104
transfer_phrasing_switch_ctr,min,0.5472575600707865,0.49900653725210603,0.5353603073642594,0.49147212301070964,0.5287518713855777
transfer_phrasing_switch_ctr,max,0.5472575600707865,0.5050625989951033,0.5374997716495523,0.5084538707920299,0.5433443956207032
transfer_phrasing_switch_slope,mean,35.98905778297583,31.605615803183085,36.001428507932296,26.832436481161633,28.9396174775827
transfer_phrasing_switch_slope,min,35.98905778297583,30.130026490539056,33.63744288813934,23.551230872882947,22.11299850485751
transfer_phrasing_switch_slope,max,35.98905778297583,32.721789324855735,38.739004866476,32.46430445805922,35.943660122753634
edited_brier,mean,0.22082473808763511,0.0563210651371848,0.020367350436680462,0.022362214387605477,0.023676211171120707
edited_brier,min,0.22082473808763511,0.04274133055436206,0.018922530455317832,0.018268252640937184,0.01966004759127218
edited_brier,max,0.22082473808763511,0.06739277288937623,0.02309873808471682,0.02714038246379824,0.02907597706933565
edited_ctr_auroc,mean,0.9867168304668305,0.9954528392028391,0.9974491536991538,0.9980719355719355,0.997295591045591
edited_ctr_auroc,min,0.9867168304668305,0.9936783374283374,0.9967495904995904,0.9980292792792793,0.9969799344799344
edited_ctr_auroc,max,0.9867168304668305,0.9966728091728091,0.9979524979524979,0.9981316543816544,0.9977989352989353
edited_within_growth_auroc,mean,0.964710547184774,0.9862542955326461,0.9936558287073751,0.9947131905894793,0.99299497753106
edited_within_growth_auroc,min,0.964710547184774,0.9797779540047581,0.992466296590008,0.9944488501189532,0.9916732751784298
edited_within_growth_auroc,max,0.964710547184774,0.9904837430610627,0.9944488501189532,0.9948453608247423,0.9948453608247423
edited_yes_when_ctr_below_05,mean,0.3560606060606061,0.11616161616161617,0.02398989898989899,0.034090909090909095,0.041666666666666664
edited_yes_when_ctr_below_05,min,0.3560606060606061,0.07954545454545454,0.01893939393939394,0.026515151515151516,0.030303030303030304
edited_yes_when_ctr_below_05,max,0.3560606060606061,0.14393939393939395,0.026515151515151516,0.045454545454545456,0.056818181818181816
sham_yes,mean,0.10465116279069768,0.09689922480620156,0.03488372093023256,0.054263565891472874,0.03875968992248062
sham_yes,min,0.10465116279069768,0.09302325581395349,0.03488372093023256,0.046511627906976744,0.03488372093023256
sham_yes,max,0.10465116279069768,0.10465116279069768,0.03488372093023256,0.05813953488372093,0.046511627906976744
blank_yes,mean,0.0,0.0,0.0,0.0,0.0
blank_yes,min,0.0,0.0,0.0,0.0,0.0
blank_yes,max,0.0,0.0,0.0,0.0,0.0
effusion_auroc,mean,0.9230812516177921,0.9336595802681252,0.9272893869083569,0.9330324708859937,0.9246693451677567
effusion_auroc,min,0.9230812516177921,0.9327973830219045,0.9266319536926927,0.9323172035548286,0.9209785907482922
effusion_auroc,max,0.9230812516177921,0.9342960681554732,0.928082808449658,0.9339303064520367,0.9297906342495509
edited_median_p_yes_growth_0.00,mean,0.0010274412,0.004253936766666667,0.0022183772666666667,0.006607565376666666,0.019757026666666667
edited_median_p_yes_growth_0.00,min,0.0010274412,0.0018183076,0.001477411,0.00075275113,0.002500431
edited_median_p_yes_growth_0.00,max,0.0010274412,0.0068570497,0.0036393276,0.011215164,0.043154784
edited_median_p_yes_growth_0.06,mean,0.0066225012,0.007089102333333333,0.0024535821833333335,0.00908385985,0.020651999316666666
edited_median_p_yes_growth_0.06,min,0.0066225012,0.005665108800000001,0.00157132795,0.00126652505,0.00288296945
edited_median_p_yes_growth_0.06,max,0.0066225012,0.0085824065,0.004066854349999999,0.0152565105,0.043719535500000004
edited_median_p_yes_growth_0.12,mean,0.848766505,0.04128659233333334,0.0031815639,0.014318850066666666,0.03315844675
edited_median_p_yes_growth_0.12,min,0.848766505,0.020509626500000003,0.0019984351000000003,0.0028310237,0.00377294975
edited_median_p_yes_growth_0.12,max,0.848766505,0.073536752,0.00505758545,0.0222633045,0.074330913
edited_median_p_yes_growth_0.18,mean,0.9999922,0.801955675,0.10800421249999999,0.34432876666666673,0.3243288208333333
edited_median_p_yes_growth_0.18,min,0.9999922,0.71388495,0.024659415,0.202732605,0.244385105
edited_median_p_yes_growth_0.18,max,0.9999922,0.8499689500000001,0.19819272999999998,0.43350095,0.42217812
edited_median_p_yes_growth_0.24,mean,0.99999976,0.9926338333333334,0.9983409499999999,0.9991875566666667,0.9973837783333334
edited_median_p_yes_growth_0.24,min,0.99999976,0.9800196750000001,0.99545498,0.9990651500000001,0.99416675
edited_median_p_yes_growth_0.24,max,0.99999976,0.9996354000000001,0.999786195,0.99927275,0.9998698349999999
edited_median_p_yes_growth_0.30,mean,0.9999999,0.9945234,0.9988461933333334,0.9995511333333335,0.9986059266666668
edited_median_p_yes_growth_0.30,min,0.9999999,0.98507625,0.99679655,0.9994497,0.9967584
edited_median_p_yes_growth_0.30,max,0.9999999,0.9997857,0.99988186,0.999666,0.99992764
real_brier_prior_corrected,mean,,0.04505046974241931,0.0405586993520338,0.04144304386855587,0.041288648589439154
real_brier_prior_corrected,min,,0.04095329568342751,0.039342802217607616,0.033464426400919005,0.038860510406278824
real_brier_prior_corrected,max,,0.04772137601938925,0.0414267762009818,0.048946277196622485,0.045321111582861305
real_switch_ctr_prior_corrected,mean,,0.5102001513416455,0.5341013302522436,0.5111580769483791,0.5325336102490764
real_switch_ctr_prior_corrected,min,,0.5041814201589008,0.5325039638676357,0.5044835216534549,0.5244050754105889
real_switch_ctr_prior_corrected,max,,0.5201237778343428,0.5358913926015015,0.5178280930341993,0.5401190100477277
transfer_phrasing_brier_prior_corrected,mean,,0.036607586013421185,0.04915872281531749,0.03574660422615242,0.050127756314170456
transfer_phrasing_brier_prior_corrected,min,,0.035970041866608335,0.048322932631434286,0.033657652790866556,0.045448211028700725
transfer_phrasing_brier_prior_corrected,max,,0.03718580381898439,0.05059016995088382,0.03841082111158869,0.056893782193271826
transfer_phrasing_switch_ctr_prior_corrected,mean,,0.5213900558824575,0.545477601376388,0.5190571910157817,0.5465884721545464
transfer_phrasing_switch_ctr_prior_corrected,min,,0.5151270522801485,0.5428621209263895,0.5124534844096119,0.5377841637511562
transfer_phrasing_switch_ctr_prior_corrected,max,,0.5301612066046066,0.5483207886778211,0.5249105035287364,0.5536771154252647
edited_brier_prior_corrected,mean,,0.04920413548483707,0.020480529395572333,0.020169899705055613,0.02127698588683848
edited_brier_prior_corrected,min,,0.03798433463296252,0.018409283389458974,0.017457561712273476,0.018217810748891467
edited_brier_prior_corrected,max,,0.05732554942746311,0.023318454076134875,0.02346926941547531,0.02423023766555272
edited_yes_when_ctr_below_05_prior_corrected,mean,,0.10479797979797979,0.021464646464646464,0.029040404040404044,0.03156565656565657
edited_yes_when_ctr_below_05_prior_corrected,min,,0.07196969696969698,0.01893939393939394,0.022727272727272728,0.026515151515151516
edited_yes_when_ctr_below_05_prior_corrected,max,,0.13257575757575757,0.022727272727272728,0.041666666666666664,0.03787878787878788
sham_yes_prior_corrected,mean,,0.07364341085271318,0.03488372093023256,0.054263565891472874,0.03488372093023256
sham_yes_prior_corrected,min,,0.06976744186046512,0.03488372093023256,0.046511627906976744,0.03488372093023256
sham_yes_prior_corrected,max,,0.08139534883720931,0.03488372093023256,0.05813953488372093,0.03488372093023256
blank_yes_prior_corrected,mean,,0.0,0.0,0.0,0.0
blank_yes_prior_corrected,min,,0.0,0.0,0.0,0.0
blank_yes_prior_corrected,max,,0.0,0.0,0.0,0.0
