model,phrasing,films,metric,value
4b,0,real,n,1880.0
4b,0,real,patients,974.0
4b,0,real,share_ctr_above_05,0.2314
4b,0,real,ctr_auroc,0.8616
4b,0,real,ctr_auroc_ci_low,0.8279
4b,0,real,ctr_auroc_ci_high,0.897
4b,0,real,tied_pair_share,0.0156
4b,0,real,brier,0.1956
4b,0,real,recalibrated_brier,0.1238
4b,0,real,prevalence_only_brier,0.1778
4b,0,real,median_yes_no_mass,0.9674
4b,0,real,share_mass_05,0.9223
4b,0,real,nih_auroc,0.9176
4b,0,real,nih_n_cardiomegaly,139.0
4b,0,real,nih_n_no_finding,802.0
4b,0,edited,n,600.0
4b,0,edited,patients,100.0
4b,0,edited,share_ctr_above_05,0.405
4b,0,edited,ctr_auroc,0.895
4b,0,edited,ctr_auroc_ci_low,0.8678
4b,0,edited,ctr_auroc_ci_high,0.9203
4b,0,edited,tied_pair_share,0.1585
4b,0,edited,brier,0.3321
4b,0,edited,recalibrated_brier,0.1131
4b,0,edited,prevalence_only_brier,0.241
4b,0,edited,median_yes_no_mass,0.9976
4b,0,edited,share_mass_05,0.925
4b,0,edited,within_growth_ctr_auroc,0.8289
4b,0,edited,share_yes_below_05,0.5742
4b,1,real,n,1880.0
4b,1,real,patients,974.0
4b,1,real,share_ctr_above_05,0.2314
4b,1,real,ctr_auroc,0.8636
4b,1,real,ctr_auroc_ci_low,0.8329
4b,1,real,ctr_auroc_ci_high,0.8977
4b,1,real,tied_pair_share,0.0167
4b,1,real,brier,0.1678
4b,1,real,recalibrated_brier,0.13
4b,1,real,prevalence_only_brier,0.1778
4b,1,real,median_yes_no_mass,0.9831
4b,1,real,share_mass_05,0.9527
4b,1,real,nih_auroc,0.9168
4b,1,real,nih_n_cardiomegaly,139.0
4b,1,real,nih_n_no_finding,802.0
4b,1,edited,n,600.0
4b,1,edited,patients,100.0
4b,1,edited,share_ctr_above_05,0.405
4b,1,edited,ctr_auroc,0.9392
4b,1,edited,ctr_auroc_ci_low,0.9204
4b,1,edited,ctr_auroc_ci_high,0.9575
4b,1,edited,tied_pair_share,0.0324
4b,1,edited,brier,0.1602
4b,1,edited,recalibrated_brier,0.0971
4b,1,edited,prevalence_only_brier,0.241
4b,1,edited,median_yes_no_mass,0.9861
4b,1,edited,share_mass_05,0.8917
4b,1,edited,within_growth_ctr_auroc,0.8625
4b,1,edited,share_yes_below_05,0.2521
1.5-4b,0,real,n,1880.0
1.5-4b,0,real,patients,974.0
1.5-4b,0,real,share_ctr_above_05,0.2314
1.5-4b,0,real,ctr_auroc,0.8654
1.5-4b,0,real,ctr_auroc_ci_low,0.8391
1.5-4b,0,real,ctr_auroc_ci_high,0.8944
1.5-4b,0,real,tied_pair_share,0.0353
1.5-4b,0,real,brier,0.2481
1.5-4b,0,real,recalibrated_brier,0.1198
1.5-4b,0,real,prevalence_only_brier,0.1778
1.5-4b,0,real,median_yes_no_mass,0.0598
1.5-4b,0,real,share_mass_05,0.216
1.5-4b,0,real,nih_auroc,0.9124
1.5-4b,0,real,nih_n_cardiomegaly,139.0
1.5-4b,0,real,nih_n_no_finding,802.0
1.5-4b,0,edited,n,600.0
1.5-4b,0,edited,patients,100.0
1.5-4b,0,edited,share_ctr_above_05,0.405
1.5-4b,0,edited,ctr_auroc,0.8542
1.5-4b,0,edited,ctr_auroc_ci_low,0.8243
1.5-4b,0,edited,ctr_auroc_ci_high,0.8821
1.5-4b,0,edited,tied_pair_share,0.2746
1.5-4b,0,edited,brier,0.3931
1.5-4b,0,edited,recalibrated_brier,0.1277
1.5-4b,0,edited,prevalence_only_brier,0.241
1.5-4b,0,edited,median_yes_no_mass,0.8143
1.5-4b,0,edited,share_mass_05,0.605
1.5-4b,0,edited,within_growth_ctr_auroc,0.7804
1.5-4b,0,edited,share_yes_below_05,0.7059
1.5-4b,1,real,n,1880.0
1.5-4b,1,real,patients,974.0
1.5-4b,1,real,share_ctr_above_05,0.2314
1.5-4b,1,real,ctr_auroc,0.8075
1.5-4b,1,real,ctr_auroc_ci_low,0.7604
1.5-4b,1,real,ctr_auroc_ci_high,0.8552
1.5-4b,1,real,tied_pair_share,0.0082
1.5-4b,1,real,brier,0.1606
1.5-4b,1,real,recalibrated_brier,0.1294
1.5-4b,1,real,prevalence_only_brier,0.1778
1.5-4b,1,real,median_yes_no_mass,0.1173
1.5-4b,1,real,share_mass_05,0.1335
1.5-4b,1,real,nih_auroc,0.912
1.5-4b,1,real,nih_n_cardiomegaly,139.0
1.5-4b,1,real,nih_n_no_finding,802.0
1.5-4b,1,edited,n,600.0
1.5-4b,1,edited,patients,100.0
1.5-4b,1,edited,share_ctr_above_05,0.405
1.5-4b,1,edited,ctr_auroc,0.9231
1.5-4b,1,edited,ctr_auroc_ci_low,0.9029
1.5-4b,1,edited,ctr_auroc_ci_high,0.9433
1.5-4b,1,edited,tied_pair_share,0.0839
1.5-4b,1,edited,brier,0.2566
1.5-4b,1,edited,recalibrated_brier,0.0995
1.5-4b,1,edited,prevalence_only_brier,0.241
1.5-4b,1,edited,median_yes_no_mass,0.5049
1.5-4b,1,edited,share_mass_05,0.5017
1.5-4b,1,edited,within_growth_ctr_auroc,0.8415
1.5-4b,1,edited,share_yes_below_05,0.4818
,,,padchest_ctr_auroc_real,0.8774
,,,growth_only_ctr_auroc_edited,0.8591
,,,segmenter_ctr_nih_auroc_real,0.9169
,,,share_ctr_above_05_one_film_per_patient,0.1992
,,,real_patients,974.0
,,,effusion_auroc_n_effusion,656.0
,,,effusion_auroc_n_no_finding,802.0
,,edited,share_ctr_above_05_growth_0.06,0.08
,,edited,share_ctr_above_05_growth_0.12,0.27
,,edited,share_ctr_above_05_growth_0.18,0.53
,,edited,share_ctr_above_05_growth_0.24,0.72
,,edited,share_ctr_above_05_growth_0.30,0.82
,,edited,positives_per_film_mean,2.42
,,edited,positives_per_film_sd,1.5517
,,edited,positives_per_film_se,0.1552
,,edited,sham_share_ctr_above_05,0.0579
,,E supply,expected_positive_additions_450_films,1089.0
,,E supply,lower_95_450_films,937.6987
,,E supply,expected_positive_shams_450_films,26.0526
,,E supply,expected_positive_additions_500_films,1210.0
,,E supply,lower_95_500_films,1043.4227
,,E supply,expected_positive_shams_500_films,28.9474
,,E supply,expected_positive_additions_550_films,1331.0
,,E supply,lower_95_550_films,1149.1584
,,E supply,expected_positive_shams_550_films,31.8421
