,point,ci_low,ci_high
gain_R_real,0.03728470111448834,0.02543616656950194,0.0497633106463574
gain_E_real,0.024964386650516923,0.015012217456219501,0.034919121093977
gain_RE_real,0.03681163394809206,0.023290529856018333,0.049881968499223786
gain_E_edited,0.22903071394764507,0.19079649869880258,0.26790589236981405
D,-0.012644072186545507,-0.027197574825721056,0.002338129981586081
RE_minus_R_auroc,-0.0004730671663962793,-0.005185099661766018,0.0038299883905661886
R_minus_RE_brier,0.00026698112996495493,-0.005664277652481807,0.005970445169383388
RE_minus_R_nih_auroc,-0.0025330903333884436,-0.006366266833715914,0.001413060837156856
effusion_drop_R,-0.01025280876847079,-0.015514341451197419,-0.00436527086823579
effusion_drop_E,-0.0025062465003129475,-0.007232358124167013,0.0020647151019046487
effusion_drop_RE,-0.00957973169457782,-0.015786677237592767,-0.0031056336300813183
