step,train_loss,seconds,lr,val_loss,val_auroc,kept,run,real_val_loss,real_val_auroc
50,0.3503547528758645,66.92839026451111,9.991799720559686e-05,0.2984728460344458,0.9656304503949932,True,R0,,
100,0.2350714902579784,151.92365646362305,9.808595880456226e-05,0.2499109596699579,0.9641599124516944,True,R0,,
150,0.180544621925801,236.1401374340057,9.392946242055378e-05,0.2016838152164185,0.9775999452823092,True,R0,,
200,0.1492807536199689,320.5479176044464,8.764943159635193e-05,0.2771118597350573,0.978318114975548,,R0,,
250,0.2040821184404194,404.7220234870911,7.954944076710457e-05,0.2076620680475076,0.9794466673506378,,R0,,
300,0.1398239893652498,488.4249892234802,7.002104058113264e-05,0.2672984881360978,0.9806778153961904,,R0,,
50,0.3725917505146935,67.84244799613953,9.991799720559686e-05,0.372003746497423,0.9642625081221572,True,R1,,
100,0.2350419519096613,152.34736561775208,9.808595880456226e-05,0.2433907080561532,0.968229540713382,True,R1,,
150,0.18431769490242,235.22282648086548,9.392946242055378e-05,0.2447462946509946,0.970965425259054,,R1,,
200,0.1337977388501167,317.9384226799011,8.764943159635193e-05,0.2827741151051977,0.9729489415546664,,R1,,
250,0.1830617197230458,400.7429249286652,7.954944076710457e-05,0.2191118119262044,0.9811907937485038,True,R1,,
300,0.1238845882355235,497.1451485157013,7.002104058113264e-05,0.229985417358966,0.9782155193050852,,R1,,
350,0.0992768593132495,579.5226082801819,5.952483048217956e-05,0.192166334230433,0.9808488081802949,True,R1,,
400,0.0689223732217215,661.8503868579865,4.856819349768262e-05,0.2143558595188131,0.983208508600937,,R1,,
450,0.0527577177644707,744.2500820159912,3.76807695254064e-05,0.2171160226609774,0.9845080537601312,,R1,,
500,0.0325482863432262,826.5389761924744,2.738885273095624e-05,0.25773695213257,0.9838582811805342,,R1,,
50,0.4157401675917208,66.95965528488159,9.991799720559686e-05,0.2703619301210196,0.9679217537019936,True,R2,,
100,0.2240987602621316,149.83663082122803,9.808595880456226e-05,0.2854772936457452,0.9701446598953524,,R2,,
150,0.2217585535347461,231.43042850494385,9.392946242055378e-05,0.3956536150653846,0.97233336753189,,R2,,
200,0.1681293147429824,313.904283285141,8.764943159635193e-05,0.2464288155056743,0.9766765842481449,True,R2,,
250,0.1799176115170121,397.21135091781616,7.954944076710457e-05,0.2156402313957884,0.9775315481686672,True,R2,,
300,0.1251351026236079,480.3975582122803,7.002104058113264e-05,0.2218499758559257,0.978352313532369,,R2,,
350,0.1306087364722043,562.8277266025543,5.952483048217956e-05,0.1873730920765437,0.9813275879757876,True,R2,,
400,0.0724299828056246,646.2091710567474,4.856819349768262e-05,0.2294976213252829,0.9820457576690264,,R2,,
450,0.0554923605138901,729.367858171463,3.76807695254064e-05,0.2678126109198678,0.9796176601347424,,R2,,
500,0.0661436723708175,813.3808672428131,2.738885273095624e-05,0.2153252845359903,0.9805068226120858,,R2,,
50,0.4826226064190269,68.42688798904419,9.991799720559686e-05,0.1016240509572208,0.9956779365632624,True,E0,0.6387878862559034,0.9420334461885708
100,0.105245643579401,169.35421633720398,9.808595880456226e-05,0.1105516139946848,0.9967235970721504,,E0,0.6558693955612931,0.956636229951096
150,0.0890363779431209,268.0262246131897,9.392946242055378e-05,0.0724268605135091,0.9978389682816312,True,E0,0.7297642531742236,0.9635785369857393
200,0.0500238927965983,366.7341170310974,8.764943159635193e-05,0.1214253432206764,0.9977692575810388,,E0,0.599041333811488,0.9671009883382922
250,0.0796623231866397,465.3277142047882,7.954944076710457e-05,0.0597849310944213,0.998187521784594,True,E0,0.647240275642627,0.9691871003043672
300,0.0435760047100484,565.5303680896759,7.002104058113264e-05,0.0683900033772474,0.9965841756709656,,E0,0.4398993853219561,0.968879313292979
350,0.0384748894674703,664.9312160015106,5.952483048217956e-05,0.0557364588323441,0.9979086789822238,True,E0,0.3707220051741419,0.9712732122704422
400,0.0246421004459261,764.6650905609131,4.856819349768262e-05,0.0490116303639159,0.9969327291739282,True,E0,0.5489044918204955,0.9697000786566808
450,0.0080606385431019,862.2245097160339,3.76807695254064e-05,0.0639115026836221,0.9970721505751132,,E0,0.6483064117299215,0.9715468007250094
500,0.027707112453645,961.656299352646,2.738885273095624e-05,0.0626908716606689,0.9977692575810388,,E0,0.3123430641386189,0.9724359632023528
550,0.0068323135637911,1061.1459121704102,1.818995067678279e-05,0.070853334774951,0.9977692575810388,,E0,0.4193071843839512,0.9719913819636812
50,0.4205350065298262,67.00527596473694,9.991799720559686e-05,0.0914828175122214,0.9967235970721504,True,E1,0.7196176679034265,0.9518142334393488
100,0.1075001717638224,167.81358408927915,9.808595880456226e-05,0.0934349232757092,0.9960264900662252,,E1,0.8009266521782024,0.9607058582127834
150,0.0836223552934825,265.5090756416321,9.392946242055378e-05,0.0667938306541804,0.9975601254792612,True,E1,0.3913476951193944,0.9646044936903664
200,0.0494920223974622,364.6533446311951,8.764943159635193e-05,0.0538202114430698,0.9978389682816312,True,E1,0.4415238713751151,0.9693922916452926
250,0.0552839614584809,462.2240786552429,7.954944076710457e-05,0.0775216256903727,0.9965841756709656,,E1,0.4789612974232619,0.9676139666906056
300,0.0472275005991104,561.1234903335571,7.002104058113264e-05,0.0609215412244447,0.9979783896828164,,E1,0.5782557789416546,0.9700762627817108
350,0.032380734909675,672.3463909626007,5.952483048217956e-05,0.1001091017995723,0.9981178110840014,,E1,0.5528553866800431,0.9731541328955918
50,0.3926646706834436,67.3787624835968,9.991799720559686e-05,0.0957267667664037,0.9964447542697804,True,E2,0.5304093359512064,0.9453507062001985
100,0.1010719090886414,167.83686661720276,9.808595880456226e-05,0.0694271460289626,0.9976995468804462,True,E2,0.4195768106191818,0.9628945658493212
150,0.0803594313585199,268.2316505908966,9.392946242055378e-05,0.0905737335590302,0.9979783896828164,,E2,0.2751907638930416,0.9674087753496804
200,0.0581278177944477,367.2388219833374,8.764943159635193e-05,0.0631244091642424,0.997420704078076,True,E2,0.7172432532376145,0.9669299955541876
250,0.0619681878341361,468.0394637584686,7.954944076710457e-05,0.0924280751380734,0.9981178110840014,,E2,0.3374144561660119,0.9682979378270236
300,0.055661656584125,567.7323172092438,7.002104058113264e-05,0.0578064675568419,0.9977692575810388,True,E2,0.3785959372274123,0.969973667111248
350,0.0624277100618928,667.5332510471344,5.952483048217956e-05,0.1369714884090243,0.9975601254792612,,E2,0.2811841283586525,0.967477172463322
400,0.0592321478249505,766.2348544597626,4.856819349768262e-05,0.0641810029216936,0.9981178110840014,,E2,0.582014696233959,0.9635101398720974
450,0.021724683586508,864.728081703186,3.76807695254064e-05,0.0601332400796108,0.9983966538863716,,E2,0.399821143576345,0.9690845046339044
50,0.3915135217830539,67.83340454101562,9.991799720559686e-05,0.2506516054381578,0.9631681543038884,True,RE0,,
100,0.1656705368123948,153.50520586967468,9.808595880456226e-05,0.2445518114407988,0.9649806778153962,True,RE0,,
150,0.1477218026295304,237.0893199443817,9.392946242055378e-05,0.2178173604168063,0.975890017441264,True,RE0,,
200,0.1903236502967774,320.41361141204834,8.764943159635193e-05,0.2248141728368811,0.9742142881570398,,RE0,,
250,0.1645588563103228,403.61052346229553,7.954944076710457e-05,0.2396774655738158,0.9787284976573988,,RE0,,
300,0.0848609869831125,486.3142235279083,7.002104058113264e-05,0.1929547737397397,0.9810198009643992,True,RE0,,
350,0.0924110831879079,569.6937801837921,5.952483048217956e-05,0.2429135261151677,0.9805068226120858,,RE0,,
400,0.0905168197490274,651.7879068851471,4.856819349768262e-05,0.2024328712067105,0.9809172052939366,,RE0,,
450,0.1032835403806529,734.3865189552307,3.76807695254064e-05,0.2003801346575938,0.9812249923053248,,RE0,,
50,0.469145678197965,69.52241063117981,9.991799720559686e-05,0.2476783682965286,0.9612530351219178,True,RE1,,
100,0.2041886644857004,153.09691214561462,9.808595880456226e-05,0.3678828442363036,0.9642283095653364,,RE1,,
150,0.214152661319822,235.63575983047485,9.392946242055378e-05,0.2833001589261633,0.967135186895113,,RE1,,
200,0.2232458341307938,318.3370306491852,8.764943159635193e-05,0.2144286255039035,0.9718887862932184,True,RE1,,
250,0.154196850657463,400.5223224163056,7.954944076710457e-05,0.229814323760727,0.9718887862932184,,RE1,,
300,0.109125234503299,482.5237755775452,7.002104058113264e-05,0.2126177446837557,0.9759926131117268,True,RE1,,
350,0.074556366619654,564.4324629306793,5.952483048217956e-05,0.2489828132115025,0.9770527683731748,,RE1,,
400,0.1216810820437967,646.0279078483582,4.856819349768262e-05,0.1936894762149772,0.980062241373414,True,RE1,,
450,0.0953009150084108,729.8999271392822,3.76807695254064e-05,0.2399165437466002,0.9795150644642796,,RE1,,
500,0.0876732557127252,813.5269010066986,2.738885273095624e-05,0.1971728582407062,0.980062241373414,,RE1,,
550,0.071667106738314,897.8969693183899,1.818995067678279e-05,0.1964687625895695,0.9805752197257276,,RE1,,
50,0.397237585314142,66.27633213996887,9.991799720559686e-05,0.3337055148940795,0.9597824971786192,True,RE2,,
100,0.1722791697829961,151.82082557678223,9.808595880456226e-05,0.3303026078413213,0.9723675660887112,True,RE2,,
150,0.1639189083687961,235.74516916275024,9.392946242055378e-05,0.2232110320167665,0.9724701617591738,True,RE2,,
200,0.2044568559434265,319.317497253418,8.764943159635193e-05,0.283668888504045,0.97763414383913,,RE2,,
250,0.1306641896814108,403.52328991889954,7.954944076710457e-05,0.2930199997346407,0.971717793509114,,RE2,,
300,0.1014372125919908,486.2442784309387,7.002104058113264e-05,0.2155818354068814,0.979036284668787,True,RE2,,
350,0.1017308202199637,571.1155321598053,5.952483048217956e-05,0.1850651251087482,0.9812591908621456,True,RE2,,
400,0.0978657828504219,655.6207084655762,4.856819349768262e-05,0.1852280013682125,0.9820799562258472,,RE2,,
450,0.1040124535607174,740.7276883125305,3.76807695254064e-05,0.1846700454982949,0.980814609623474,True,RE2,,
500,0.0817452901403885,824.4177811145782,2.738885273095624e-05,0.1884536799438276,0.9836530898396088,,RE2,,
550,0.0735089884861372,907.8315935134888,1.818995067678279e-05,0.1929439758985726,0.9831401114872952,,RE2,,
600,0.0437463935383129,991.3230102062224,1.052873498524732e-05,0.1963367364595084,0.9837898840668924,,RE2,,
