model,real_ctr_auroc,real_brier,real_nih_auroc,real_median_yes_no_mass,real_switch_ctr,real_switch_slope,transfer_phrasing_ctr_auroc,transfer_phrasing_brier,transfer_phrasing_nih_auroc,transfer_phrasing_median_yes_no_mass,transfer_phrasing_switch_ctr,transfer_phrasing_switch_slope,edited_brier,edited_ctr_auroc,edited_within_growth_auroc,edited_yes_when_ctr_below_05,sham_yes,blank_yes,effusion_auroc,edited_median_p_yes_growth_0.00,edited_median_p_yes_growth_0.06,edited_median_p_yes_growth_0.12,edited_median_p_yes_growth_0.18,edited_median_p_yes_growth_0.24,edited_median_p_yes_growth_0.30,real_brier_prior_corrected,real_switch_ctr_prior_corrected,transfer_phrasing_brier_prior_corrected,transfer_phrasing_switch_ctr_prior_corrected,edited_brier_prior_corrected,edited_yes_when_ctr_below_05_prior_corrected,sham_yes_prior_corrected,blank_yes_prior_corrected
base,0.8998228854811802,0.14456669189896001,0.9306014248633124,0.9846936,0.50114421811688,33.05130334168523,0.8879790662065499,0.12968531067226066,0.9252664715303474,0.991433465,0.5430794262732104,35.92240429912818,0.3025951430236327,0.9405456607921788,0.8974645370266949,0.4986376021798365,0.19,0.0,0.9126595739675042,0.0024242789,0.41770303,0.99997263,0.999998975,0.99999964,0.99999983,,,,,,,,
R0,0.9374934296226889,0.11421489118251947,0.9375324460153531,0.9567221749999999,0.4884174139401731,29.729549460294862,0.9338288730945905,0.09158974394781252,0.9375214005633181,0.9642421,0.5014010264645009,31.64753677061828,0.1437470652817625,0.963583632515115,0.9359991064447671,0.32697547683923706,0.17,0.0,0.9224951651381759,0.0027610047,0.035414198,0.6319106800000001,0.870653315,0.9537276800000001,0.9768559,0.07748907325021917,0.5159038360065633,0.07819525836914112,0.5261106650090882,0.1273710481871486,0.2997275204359673,0.15,0.0
R1,0.9342322371277739,0.11859126269330046,0.9363064008394544,0.972875055,0.48963591791535105,32.28235745720489,0.9292421783943141,0.09322903886842884,0.9362456508532612,0.9724949199999999,0.5028561975224357,34.11480994596955,0.14828946743282984,0.9683432540842698,0.944152797944823,0.2888283378746594,0.16,0.0,0.92325509719131,0.0043903376000000004,0.023261381999999997,0.49128974999999997,0.97057724,0.997977735,0.9996354000000001,0.0883328107529128,0.5038169635821315,0.08161025045346945,0.5163742604719797,0.13873641613101664,0.26975476839237056,0.14,0.0
R2,0.9395970930365426,0.12369258434353295,0.932158833600265,0.958934485,0.4840289380115555,32.02221604868417,0.9372877482459948,0.09570201606487301,0.9318440382172639,0.955122735,0.4959450389365177,33.853573164885624,0.12120688911992043,0.9708926336962497,0.9500726013626717,0.23160762942779292,0.16,0.0,0.9229868858784391,0.0076550227999999994,0.016795996,0.16773601,0.95690465,0.99569972,0.9983178699999999,0.08611827846559662,0.5007664676393214,0.078703628748625,0.5114812229062239,0.11204401564562422,0.21525885558583105,0.12,0.0
E0,0.9201282080581392,0.09055459538835281,0.9210636770309824,0.95877008,0.5269191386561198,40.88571638252097,0.9181936604429005,0.10342155976216878,0.9176506323521291,0.9366155,0.5379531112781964,40.06233499734676,0.07549871269804587,0.970296219199869,0.9482854908969061,0.07084468664850137,0.06,0.0,0.9158657578851774,0.0016087296500000002,0.0019793713000000003,0.0035701437000000003,0.211466855,0.994656575,0.99965388,0.09734222905290144,0.5325842067051707,0.11215693297296367,0.5429620997387306,0.07543046779658953,0.0653950953678474,0.05,0.0
E1,0.9274207555362571,0.08739770447730646,0.9342906058430442,0.8654828999999999,0.524639336794175,38.61362385886967,0.9250611330758507,0.0977464898390798,0.9344728558016238,0.75589945,0.5366978947859646,36.57387676414385,0.07668999308903905,0.968588836523956,0.9480621020886854,0.09536784741144415,0.04,0.0,0.9146382205826304,0.0015783152,0.0030105748500000003,0.0132975475,0.45753975,0.99343815,0.9997304,0.0966397696293172,0.5330836456943506,0.11133297809750992,0.5446522879079074,0.07561487031541007,0.08446866485013624,0.04,0.0
E2,0.9268128528006948,0.0833804324676923,0.9361793781410503,0.8405016750000001,0.5222908119663939,36.90242866788204,0.9249948579655827,0.09051400698105186,0.9370298779477549,0.7633422999999999,0.5344910911679959,34.43651597098103,0.06850458144087795,0.9722491843154681,0.9499609069585614,0.09536784741144415,0.04,0.0,0.9149934829356434,0.0038312629,0.005674777000000001,0.035002025,0.611887785,0.958925485,0.99367882,0.09166890985383774,0.5345966478545849,0.10588380125165685,0.547420689857326,0.06577165960748833,0.08174386920980926,0.04,0.0
RE0,0.9367586900381654,0.08905221682308657,0.9349699011432042,0.8538978399999999,0.4993999308822037,31.985896310472107,0.9356777201362068,0.08150714872955124,0.9349257193350637,0.8477132300000001,0.5073120653960507,33.407902793482634,0.06299254622648692,0.9770555834921822,0.9610186529654864,0.09264305177111716,0.08,0.0,0.9235150739463295,0.00086668817,0.002909183,0.030778064,0.646507615,0.987894265,0.9991683,0.07710585524571616,0.5166067763970851,0.08112637091442032,0.5234774980525334,0.060581727958983485,0.08446866485013624,0.08,0.0
RE1,0.9370432159425921,0.1405437571547848,0.931518197382228,0.8904932000000001,0.47742566526729235,24.607488478214737,0.9357611353611994,0.11053172594250295,0.9305020157949964,0.8837672,0.48808044870402995,26.054308963359617,0.08198316447825164,0.9739565669913812,0.9554339327599687,0.14713896457765668,0.1,0.0,0.9218705151068844,0.0124096845,0.0210469685,0.080837193,0.78244147,0.98797485,0.999273785,0.08493566952130038,0.502160766378254,0.07779336200282239,0.5102578487073375,0.07486100858789753,0.1335149863760218,0.1,0.0
RE2,0.9361016523070594,0.12610182085158667,0.9319103109294747,0.877739575,0.4830019758307012,24.338688213178386,0.9343899261832393,0.0994126394145205,0.9315016292041751,0.87488389,0.49378826239759627,24.874922339020582,0.07392294059372198,0.9759446153126499,0.9600134033284933,0.1362397820163488,0.1,0.0,0.9213323279330319,0.0087738945,0.017822885,0.041966535,0.637721115,0.98740785,0.999045775,0.07874282479798828,0.5089561962638692,0.07586482976246722,0.5177573790839459,0.06806651668168345,0.10354223433242507,0.1,0.0
E0real,0.9220896085197797,0.08747713292884902,0.9261942895012978,0.8926683950000001,0.5153385307561332,35.92738951240229,0.9193763283588912,0.09339819509938097,0.9230905174794277,0.8620416200000001,0.530218757410504,37.0190222523742,0.07311737001422916,0.9732782916817719,0.951748017424327,0.10899182561307902,0.07,0.0,0.9175603122544336,0.0027379664,0.0035316475,0.0119051165,0.694030815,0.99846742,0.999847785,0.08924110163701306,0.5225696843534909,0.10233646085708792,0.5369727624621337,0.07074187660236746,0.09536784741144415,0.07,0.0
E1real,0.9248577370477867,0.08729003904152337,0.9370354006737726,0.6809779650000001,0.528110843198185,31.97672509394951,0.9212520282469091,0.10110346088504706,0.9362787872093665,0.59734175,0.5448201547814451,29.214448208093863,0.07368592096190481,0.9686356141315152,0.9450463531777058,0.09264305177111716,0.05,0.0,0.9100845100908624,0.0154748655,0.026624733999999997,0.0871593225,0.54640468,0.987571,0.9982109100000001,0.10111033536311198,0.5397027088641928,0.11701941298825339,0.5540027912170189,0.07126046040900785,0.08991825613079019,0.05,0.0
E2real,0.9267957126859703,0.08202759909733323,0.9366377644005082,0.56729178,0.5153547498044633,25.53208516564384,0.9237139200585048,0.08391866487584486,0.9360192190865411,0.478424175,0.5315648032360456,22.05324196659232,0.08165287056600178,0.9677351451859996,0.946051602814699,0.14168937329700274,0.05,0.0,0.9116961306989022,0.046074724,0.0730952625,0.21629957,0.6600943,0.9494374000000001,0.993124825,0.08836014665563859,0.5339382953910258,0.10258401075212276,0.5506915226209631,0.07462245777992607,0.10626702997275204,0.04,0.0
