step,val_loss,val_auroc,seconds,train_loss,seconds_per_step,gpu,peak_memory_gb,micro_batch,reload_max_log_odds_difference
0,1.1682729257394362,0.921875,0.0,,,NVIDIA RTX PRO 6000 Blackwell Server Edition,49.023218688,16,0.0
1,,,1.3547861576080322,0.8493994474411011,1.3547861576080322,NVIDIA RTX PRO 6000 Blackwell Server Edition,49.023218688,16,0.0
2,,,2.7314772605896,1.484912633895874,1.3766911029815678,NVIDIA RTX PRO 6000 Blackwell Server Edition,49.023218688,16,0.0
3,,,3.929553270339966,0.7968190312385559,1.1980760097503658,NVIDIA RTX PRO 6000 Blackwell Server Edition,49.023218688,16,0.0
4,,,5.227820634841919,1.4583982229232788,1.2982673645019531,NVIDIA RTX PRO 6000 Blackwell Server Edition,49.023218688,16,0.0
5,,,6.52949595451355,1.318210482597351,1.3016753196716309,NVIDIA RTX PRO 6000 Blackwell Server Edition,49.023218688,16,0.0
6,,,7.725994348526001,0.4032015800476074,1.1964983940124512,NVIDIA RTX PRO 6000 Blackwell Server Edition,49.023218688,16,0.0
7,,,8.92786979675293,1.0467517375946045,1.2018754482269287,NVIDIA RTX PRO 6000 Blackwell Server Edition,49.023218688,16,0.0
8,,,10.130436658859251,0.5902949571609497,1.2025668621063215,NVIDIA RTX PRO 6000 Blackwell Server Edition,49.023218688,16,0.0
9,,,11.331448554992676,0.365664005279541,1.2010118961334246,NVIDIA RTX PRO 6000 Blackwell Server Edition,49.023218688,16,0.0
10,,,12.531721353530884,0.7010502815246582,1.200272798538208,NVIDIA RTX PRO 6000 Blackwell Server Edition,49.023218688,16,0.0
11,,,13.728487014770508,0.3947520852088928,1.196765661239624,NVIDIA RTX PRO 6000 Blackwell Server Edition,49.023218688,16,0.0
12,,,14.929229974746704,0.2937339246273041,1.2007429599761963,NVIDIA RTX PRO 6000 Blackwell Server Edition,49.023218688,16,0.0
13,,,16.13051199913025,0.255065768957138,1.201282024383545,NVIDIA RTX PRO 6000 Blackwell Server Edition,49.023218688,16,0.0
14,,,17.484864950180054,0.2331263422966003,1.3543529510498047,NVIDIA RTX PRO 6000 Blackwell Server Edition,49.023218688,16,0.0
15,,,18.764380931854248,0.1874628067016601,1.2795159816741943,NVIDIA RTX PRO 6000 Blackwell Server Edition,49.023218688,16,0.0
16,,,20.060302019119263,0.1627103090286255,1.2959210872650146,NVIDIA RTX PRO 6000 Blackwell Server Edition,49.023218688,16,0.0
17,,,21.332685947418213,0.130470871925354,1.2723839282989502,NVIDIA RTX PRO 6000 Blackwell Server Edition,49.023218688,16,0.0
18,,,22.639121055603027,0.0119737833738327,1.3064351081848145,NVIDIA RTX PRO 6000 Blackwell Server Edition,49.023218688,16,0.0
19,,,23.931992530822757,0.1178409531712532,1.2928714752197301,NVIDIA RTX PRO 6000 Blackwell Server Edition,49.023218688,16,0.0
20,,,25.132850885391235,0.0796160325407981,1.200858354568478,NVIDIA RTX PRO 6000 Blackwell Server Edition,49.023218688,16,0.0
21,,,26.358187913894653,0.0024324206169694,1.225337028503418,NVIDIA RTX PRO 6000 Blackwell Server Edition,49.023218688,16,0.0
22,,,27.65398359298706,0.0019424071069806,1.2957956790924072,NVIDIA RTX PRO 6000 Blackwell Server Edition,49.023218688,16,0.0
23,,,28.92916965484619,0.0029847552068531,1.2751860618591309,NVIDIA RTX PRO 6000 Blackwell Server Edition,49.023218688,16,0.0
24,,,30.129472732543945,0.0459869839251041,1.200303077697754,NVIDIA RTX PRO 6000 Blackwell Server Edition,49.023218688,16,0.0
25,,,31.331254720687863,0.0006760344840586,1.2017819881439173,NVIDIA RTX PRO 6000 Blackwell Server Edition,49.023218688,16,0.0
26,,,32.529255628585815,0.0004804995551239,1.1980009078979528,NVIDIA RTX PRO 6000 Blackwell Server Edition,49.023218688,16,0.0
27,,,33.72714900970459,0.0003544033388607,1.1978933811187744,NVIDIA RTX PRO 6000 Blackwell Server Edition,49.023218688,16,0.0
28,,,34.928723096847534,0.0002879780950024,1.2015740871429443,NVIDIA RTX PRO 6000 Blackwell Server Edition,49.023218688,16,0.0
29,,,36.1301794052124,0.0002764164237305,1.2014563083648682,NVIDIA RTX PRO 6000 Blackwell Server Edition,49.023218688,16,0.0
30,,,37.32823395729065,0.016020419076085,1.198054552078247,NVIDIA RTX PRO 6000 Blackwell Server Edition,49.023218688,16,0.0
31,,,38.52956891059876,0.0002169771905755,1.2013349533081126,NVIDIA RTX PRO 6000 Blackwell Server Edition,49.023218688,16,0.0
32,,,39.7300033569336,0.000163312011864,1.2004344463348389,NVIDIA RTX PRO 6000 Blackwell Server Edition,49.023218688,16,0.0
33,,,40.92980980873108,0.0001437748724129,1.1998064517974782,NVIDIA RTX PRO 6000 Blackwell Server Edition,49.023218688,16,0.0
34,,,42.13045310974121,0.0001054879176081,1.2006433010101318,NVIDIA RTX PRO 6000 Blackwell Server Edition,49.023218688,16,0.0
35,,,43.36440062522888,0.0001217656463268,1.233947515487671,NVIDIA RTX PRO 6000 Blackwell Server Edition,49.023218688,16,0.0
36,,,44.66943550109863,6.087049769121222e-05,1.305034875869751,NVIDIA RTX PRO 6000 Blackwell Server Edition,49.023218688,16,0.0
37,,,45.93799805641174,7.672914944123477e-05,1.2685625553131104,NVIDIA RTX PRO 6000 Blackwell Server Edition,49.023218688,16,0.0
38,,,47.13114261627197,6.650287832599133e-05,1.1931445598602295,NVIDIA RTX PRO 6000 Blackwell Server Edition,49.023218688,16,0.0
39,,,48.33025503158569,6.240341463126242e-05,1.1991124153137207,NVIDIA RTX PRO 6000 Blackwell Server Edition,49.023218688,16,0.0
40,,,49.530502796173096,5.8732715842779726e-05,1.2002477645874023,NVIDIA RTX PRO 6000 Blackwell Server Edition,49.023218688,16,0.0
41,,,50.76193857192993,5.095080996397883e-05,1.231435775756836,NVIDIA RTX PRO 6000 Blackwell Server Edition,49.023218688,16,0.0
42,,,52.03147721290589,5.284079088596627e-05,1.2695386409759593,NVIDIA RTX PRO 6000 Blackwell Server Edition,49.023218688,16,0.0
43,,,53.270118713378906,3.93203845305834e-05,1.2386415004730154,NVIDIA RTX PRO 6000 Blackwell Server Edition,49.023218688,16,0.0
44,,,54.53192615509033,5.3682058933191e-05,1.2618074417114258,NVIDIA RTX PRO 6000 Blackwell Server Edition,49.023218688,16,0.0
45,,,55.75700116157532,3.252688838983886e-05,1.2250750064849854,NVIDIA RTX PRO 6000 Blackwell Server Edition,49.023218688,16,0.0
46,,,57.05620288848877,4.984436964150518e-05,1.2992017269134521,NVIDIA RTX PRO 6000 Blackwell Server Edition,49.023218688,16,0.0
47,,,58.3637056350708,3.935275162803009e-05,1.3075027465820312,NVIDIA RTX PRO 6000 Blackwell Server Edition,49.023218688,16,0.0
48,,,59.63262581825256,3.2652933441568166e-05,1.2689201831817627,NVIDIA RTX PRO 6000 Blackwell Server Edition,49.023218688,16,0.0
49,,,60.83596611022949,2.81067805190105e-05,1.2033402919769287,NVIDIA RTX PRO 6000 Blackwell Server Edition,49.023218688,16,0.0
50,,,62.0573992729187,3.875432594213635e-05,1.221433162689209,NVIDIA RTX PRO 6000 Blackwell Server Edition,49.023218688,16,0.0
50,3.3740807459992084e-05,1.0,62.05743193626404,,3.266334533691406e-05,NVIDIA RTX PRO 6000 Blackwell Server Edition,49.023218688,16,0.0
