run,arm,seed,checkpoint,step,selection_draw,train_draw,adapter_sha256,logged_val_loss,recomputed_val_loss,nearest_other_saved_loss_gap,steps_run,seconds,revision,trained_at_commit,checked_at_commit
R0,R,0,best,150,fcb2127221874d917bf6b2b03261b28cf21864773cbbb80442fab91acac7795d,d3e753ca9c71aa25ab971bdf33f70b471e70debeffb59339a8597b26c3490a35,ad116af0cd5f8c3cb2298fda0391ec440b655d6f353c16418b42bc866e4a81ee,0.2016838152164185,0.20168381521641857,0.048227144453539345,300,508.68101930618286,290cda5eeccbee130f987c4ad74a59ae6f196408,c3959ab85f9e7ecb035082f403b5f245f1b5b99a,8a2b1104294d55a6fef7ce5d80cfe4bae3a53de8
R1,R,1,best,350,fcb2127221874d917bf6b2b03261b28cf21864773cbbb80442fab91acac7795d,d3e753ca9c71aa25ab971bdf33f70b471e70debeffb59339a8597b26c3490a35,fc86ac6d0cb1087db48f9aac1e3961439b8b3cc7360f303efcd20d4c3db942e8,0.192166334230433,0.19216633423043303,0.02694547769577138,500,845.6907699108124,290cda5eeccbee130f987c4ad74a59ae6f196408,c3959ab85f9e7ecb035082f403b5f245f1b5b99a,8a2b1104294d55a6fef7ce5d80cfe4bae3a53de8
R2,R,2,best,350,fcb2127221874d917bf6b2b03261b28cf21864773cbbb80442fab91acac7795d,d3e753ca9c71aa25ab971bdf33f70b471e70debeffb59339a8597b26c3490a35,cdfb0134c8b6d3f9bfd52f8d05e856c42fef76fe997ce3f382bec9d6afe6a2c9,0.1873730920765437,0.18737309207654373,0.028267139319244655,500,832.7938916683197,290cda5eeccbee130f987c4ad74a59ae6f196408,c3959ab85f9e7ecb035082f403b5f245f1b5b99a,8a2b1104294d55a6fef7ce5d80cfe4bae3a53de8
E0,E,0,best,400,6c38aa40db22844f01ad5fb260944b720504f38e5fcf4f46c14c2e3555f78810,edf442a188264bc374a9c1fd507fadcf6b0af44004605485bc3f685358bf7c94,d34dc607796c8a7587d9f3fb851abd93e533a6acd7c6313886a74c6c2e7b7ada,0.0490116303639159,0.04901163036391597,0.006724828468428132,550,1094.6780922412872,290cda5eeccbee130f987c4ad74a59ae6f196408,c3959ab85f9e7ecb035082f403b5f245f1b5b99a,8a2b1104294d55a6fef7ce5d80cfe4bae3a53de8
E0,E,0,best_real,500,fcb2127221874d917bf6b2b03261b28cf21864773cbbb80442fab91acac7795d,edf442a188264bc374a9c1fd507fadcf6b0af44004605485bc3f685358bf7c94,079aeb114c5284022b675f4cd2248fc763e843f11bb677c8daba5dce419307a9,0.3123430641386189,0.31234306413861895,0.058378941035522935,550,1094.6780922412872,290cda5eeccbee130f987c4ad74a59ae6f196408,c3959ab85f9e7ecb035082f403b5f245f1b5b99a,8a2b1104294d55a6fef7ce5d80cfe4bae3a53de8
E1,E,1,best,200,6c38aa40db22844f01ad5fb260944b720504f38e5fcf4f46c14c2e3555f78810,edf442a188264bc374a9c1fd507fadcf6b0af44004605485bc3f685358bf7c94,f79a46f278c34c954ea0c8e989ca7265127d266c20cc58c77cb0374ed9dae615,0.0538202114430698,0.05382021144306981,0.012973619211110593,350,705.5753729343414,290cda5eeccbee130f987c4ad74a59ae6f196408,c3959ab85f9e7ecb035082f403b5f245f1b5b99a,8a2b1104294d55a6fef7ce5d80cfe4bae3a53de8
E1,E,1,best_real,150,fcb2127221874d917bf6b2b03261b28cf21864773cbbb80442fab91acac7795d,edf442a188264bc374a9c1fd507fadcf6b0af44004605485bc3f685358bf7c94,5b9df80f8d0870e28c9d24bb41ebdb9b5f905c77ce55caf335069681e6e5e53a,0.3913476951193944,0.3913476951193944,0.32826997278403214,350,705.5753729343414,290cda5eeccbee130f987c4ad74a59ae6f196408,c3959ab85f9e7ecb035082f403b5f245f1b5b99a,8a2b1104294d55a6fef7ce5d80cfe4bae3a53de8
E2,E,2,best,300,6c38aa40db22844f01ad5fb260944b720504f38e5fcf4f46c14c2e3555f78810,edf442a188264bc374a9c1fd507fadcf6b0af44004605485bc3f685358bf7c94,976d34a0e5abfeb64a1af50cf54aa974fd830625d261daef57b8405a031c1e46,0.0578064675568419,0.05780646755684196,0.005317941607400442,450,898.2950212955475,290cda5eeccbee130f987c4ad74a59ae6f196408,c3959ab85f9e7ecb035082f403b5f245f1b5b99a,8a2b1104294d55a6fef7ce5d80cfe4bae3a53de8
E2,E,2,best_real,150,fcb2127221874d917bf6b2b03261b28cf21864773cbbb80442fab91acac7795d,edf442a188264bc374a9c1fd507fadcf6b0af44004605485bc3f685358bf7c94,d8feb126f5b29ba3b94eff4f153f5ce241307cde2dfd2adf7c47bd44cc21bbf1,0.2751907638930416,0.2751907638930416,0.1443860467261402,450,898.2950212955475,290cda5eeccbee130f987c4ad74a59ae6f196408,c3959ab85f9e7ecb035082f403b5f245f1b5b99a,8a2b1104294d55a6fef7ce5d80cfe4bae3a53de8
RE0,RE,0,best,300,fcb2127221874d917bf6b2b03261b28cf21864773cbbb80442fab91acac7795d,b04be7157aabae8329abfecac71b2d83277266432597c611c09e0237df21a5d1,5f576463c9cf480473ebe3388e97b694f7e1b41cf069075b0cd118489028414d,0.1929547737397397,0.1929547737397397,0.02486258667706659,450,754.553590297699,290cda5eeccbee130f987c4ad74a59ae6f196408,c3959ab85f9e7ecb035082f403b5f245f1b5b99a,8a2b1104294d55a6fef7ce5d80cfe4bae3a53de8
RE1,RE,1,best,400,fcb2127221874d917bf6b2b03261b28cf21864773cbbb80442fab91acac7795d,b04be7157aabae8329abfecac71b2d83277266432597c611c09e0237df21a5d1,da9b9118655224e0548288e01eeed43c124b6606c986a16d959a55496ee7c670,0.1936894762149772,0.19368947621497729,0.018928268468778403,550,918.1679854393005,290cda5eeccbee130f987c4ad74a59ae6f196408,c3959ab85f9e7ecb035082f403b5f245f1b5b99a,8a2b1104294d55a6fef7ce5d80cfe4bae3a53de8
RE2,RE,2,best,450,fcb2127221874d917bf6b2b03261b28cf21864773cbbb80442fab91acac7795d,b04be7157aabae8329abfecac71b2d83277266432597c611c09e0237df21a5d1,afecb794ed0612b7333fbf9f9ae296f00bb87ed9b8fcee2a57b8a7ecb40ff0f0,0.1846700454982949,0.18467004549829494,0.0003950796104532639,600,1011.3002450466156,290cda5eeccbee130f987c4ad74a59ae6f196408,c3959ab85f9e7ecb035082f403b5f245f1b5b99a,8a2b1104294d55a6fef7ce5d80cfe4bae3a53de8
