folder,settings_sha256,commits,revisions,png_files
h3/fresh/edit/growth0.00,758a4668a5cff9d8e5dba71baac2e16d7c84824a5c5763db58ef438670682287,2fadfeb129a6764fa185713a5263113fc3eddb72,"{""microsoft/BiomedVLP-BioViL-T"": ""692f09e9be1bfe5fdd5f3efdd0e1eca7d2c10b23"", ""microsoft/radedit"": ""e8ebd31396ff8553c34084b98b5defb8ebea2817"", ""stabilityai/sdxl-vae"": ""6f5909a7e596173e25d4e97b07fd19cdf9611c76""}",100
h3/fresh/edit/growth0.06,42938ac22c575dd2e6073a61439c635fbd497494b61e23f33a616b1673543994,2fadfeb129a6764fa185713a5263113fc3eddb72,"{""microsoft/BiomedVLP-BioViL-T"": ""692f09e9be1bfe5fdd5f3efdd0e1eca7d2c10b23"", ""microsoft/radedit"": ""e8ebd31396ff8553c34084b98b5defb8ebea2817"", ""stabilityai/sdxl-vae"": ""6f5909a7e596173e25d4e97b07fd19cdf9611c76""}",100
h3/fresh/edit/growth0.12,af3a94c576459834d615861df6232c6ba5274a1096ee3122399b64488b1f9935,2fadfeb129a6764fa185713a5263113fc3eddb72,"{""microsoft/BiomedVLP-BioViL-T"": ""692f09e9be1bfe5fdd5f3efdd0e1eca7d2c10b23"", ""microsoft/radedit"": ""e8ebd31396ff8553c34084b98b5defb8ebea2817"", ""stabilityai/sdxl-vae"": ""6f5909a7e596173e25d4e97b07fd19cdf9611c76""}",100
h3/fresh/edit/growth0.18,9e0191b9a7e211b9a1d3c6cf5bfd868c4a5490dd823f1964cff0fc9cc9b48c5d,2fadfeb129a6764fa185713a5263113fc3eddb72,"{""microsoft/BiomedVLP-BioViL-T"": ""692f09e9be1bfe5fdd5f3efdd0e1eca7d2c10b23"", ""microsoft/radedit"": ""e8ebd31396ff8553c34084b98b5defb8ebea2817"", ""stabilityai/sdxl-vae"": ""6f5909a7e596173e25d4e97b07fd19cdf9611c76""}",100
h3/fresh/edit/growth0.24,e91e8da29ccae5b55c213b02bf71083081d4034aec67c36c7bedde2304403d41,2fadfeb129a6764fa185713a5263113fc3eddb72,"{""microsoft/BiomedVLP-BioViL-T"": ""692f09e9be1bfe5fdd5f3efdd0e1eca7d2c10b23"", ""microsoft/radedit"": ""e8ebd31396ff8553c34084b98b5defb8ebea2817"", ""stabilityai/sdxl-vae"": ""6f5909a7e596173e25d4e97b07fd19cdf9611c76""}",100
h3/fresh/edit/growth0.30,33f8f9aa5e6e227d4ee0efb31b67330ea70d12e1a1743c41691ac5f3c44d2a14,2fadfeb129a6764fa185713a5263113fc3eddb72,"{""microsoft/BiomedVLP-BioViL-T"": ""692f09e9be1bfe5fdd5f3efdd0e1eca7d2c10b23"", ""microsoft/radedit"": ""e8ebd31396ff8553c34084b98b5defb8ebea2817"", ""stabilityai/sdxl-vae"": ""6f5909a7e596173e25d4e97b07fd19cdf9611c76""}",100
h3/fresh/sham/growth0.30,7de42ce16d15c5c02cba6f04a1190771a7e528c28c5230b26caaa9fd4c26bbf6,2fadfeb129a6764fa185713a5263113fc3eddb72,"{""microsoft/BiomedVLP-BioViL-T"": ""692f09e9be1bfe5fdd5f3efdd0e1eca7d2c10b23"", ""microsoft/radedit"": ""e8ebd31396ff8553c34084b98b5defb8ebea2817"", ""stabilityai/sdxl-vae"": ""6f5909a7e596173e25d4e97b07fd19cdf9611c76""}",100
h3/train/edit/growth0.06,fdfa21f573f8acb4770fb9aaffc424120e048e8be9c8d73d609f28a347842184,2fadfeb129a6764fa185713a5263113fc3eddb72,"{""microsoft/BiomedVLP-BioViL-T"": ""692f09e9be1bfe5fdd5f3efdd0e1eca7d2c10b23"", ""microsoft/radedit"": ""e8ebd31396ff8553c34084b98b5defb8ebea2817"", ""stabilityai/sdxl-vae"": ""6f5909a7e596173e25d4e97b07fd19cdf9611c76""}",750
h3/train/edit/growth0.12,b72d4a497673d73681624133c0cc4edd7415ec4a25d44c66384a42c0a50d7099,2fadfeb129a6764fa185713a5263113fc3eddb72,"{""microsoft/BiomedVLP-BioViL-T"": ""692f09e9be1bfe5fdd5f3efdd0e1eca7d2c10b23"", ""microsoft/radedit"": ""e8ebd31396ff8553c34084b98b5defb8ebea2817"", ""stabilityai/sdxl-vae"": ""6f5909a7e596173e25d4e97b07fd19cdf9611c76""}",750
h3/train/edit/growth0.18,cf35870c299e4c1b80bd7f188cc0ee56cc883f22eb2345f98f8362fa0b889ded,2fadfeb129a6764fa185713a5263113fc3eddb72,"{""microsoft/BiomedVLP-BioViL-T"": ""692f09e9be1bfe5fdd5f3efdd0e1eca7d2c10b23"", ""microsoft/radedit"": ""e8ebd31396ff8553c34084b98b5defb8ebea2817"", ""stabilityai/sdxl-vae"": ""6f5909a7e596173e25d4e97b07fd19cdf9611c76""}",750
h3/train/edit/growth0.24,245bdb0ac0ad44865671a43d93a48d280555966f9b080022e16b92d665b98dc8,2fadfeb129a6764fa185713a5263113fc3eddb72,"{""microsoft/BiomedVLP-BioViL-T"": ""692f09e9be1bfe5fdd5f3efdd0e1eca7d2c10b23"", ""microsoft/radedit"": ""e8ebd31396ff8553c34084b98b5defb8ebea2817"", ""stabilityai/sdxl-vae"": ""6f5909a7e596173e25d4e97b07fd19cdf9611c76""}",750
h3/train/edit/growth0.30,3ac4b5a3cb58db33ccc5b7fe7a45d25d16e6c4c314203b1d1dacd41e134a01e5,2fadfeb129a6764fa185713a5263113fc3eddb72,"{""microsoft/BiomedVLP-BioViL-T"": ""692f09e9be1bfe5fdd5f3efdd0e1eca7d2c10b23"", ""microsoft/radedit"": ""e8ebd31396ff8553c34084b98b5defb8ebea2817"", ""stabilityai/sdxl-vae"": ""6f5909a7e596173e25d4e97b07fd19cdf9611c76""}",750
h3/train/sham/growth0.30,dc174792100dfffa77865438282d56569116fed6a47cb21b48351a03ecf7794e,2fadfeb129a6764fa185713a5263113fc3eddb72,"{""microsoft/BiomedVLP-BioViL-T"": ""692f09e9be1bfe5fdd5f3efdd0e1eca7d2c10b23"", ""microsoft/radedit"": ""e8ebd31396ff8553c34084b98b5defb8ebea2817"", ""stabilityai/sdxl-vae"": ""6f5909a7e596173e25d4e97b07fd19cdf9611c76""}",750
h3/val/edit/growth0.06,7f09a458d5d8cbaf2d4e15973b7577d67aafceae61bb35859c24f341a68dbc71,2fadfeb129a6764fa185713a5263113fc3eddb72,"{""microsoft/BiomedVLP-BioViL-T"": ""692f09e9be1bfe5fdd5f3efdd0e1eca7d2c10b23"", ""microsoft/radedit"": ""e8ebd31396ff8553c34084b98b5defb8ebea2817"", ""stabilityai/sdxl-vae"": ""6f5909a7e596173e25d4e97b07fd19cdf9611c76""}",60
h3/val/edit/growth0.12,29382b2872c127435d19904d848f6594c5fc0b2a895dd1eafd3070a9ee45c5e8,2fadfeb129a6764fa185713a5263113fc3eddb72,"{""microsoft/BiomedVLP-BioViL-T"": ""692f09e9be1bfe5fdd5f3efdd0e1eca7d2c10b23"", ""microsoft/radedit"": ""e8ebd31396ff8553c34084b98b5defb8ebea2817"", ""stabilityai/sdxl-vae"": ""6f5909a7e596173e25d4e97b07fd19cdf9611c76""}",60
h3/val/edit/growth0.18,5b3061ea05f2ea0ef44af65fd44de5a4d84be401adbe3595674f7269c50e1484,2fadfeb129a6764fa185713a5263113fc3eddb72,"{""microsoft/BiomedVLP-BioViL-T"": ""692f09e9be1bfe5fdd5f3efdd0e1eca7d2c10b23"", ""microsoft/radedit"": ""e8ebd31396ff8553c34084b98b5defb8ebea2817"", ""stabilityai/sdxl-vae"": ""6f5909a7e596173e25d4e97b07fd19cdf9611c76""}",60
h3/val/edit/growth0.24,8662259c0b109d4fcd5b30acc5b16765c88dde5c2237b5f2784813a6af5b6b67,2fadfeb129a6764fa185713a5263113fc3eddb72,"{""microsoft/BiomedVLP-BioViL-T"": ""692f09e9be1bfe5fdd5f3efdd0e1eca7d2c10b23"", ""microsoft/radedit"": ""e8ebd31396ff8553c34084b98b5defb8ebea2817"", ""stabilityai/sdxl-vae"": ""6f5909a7e596173e25d4e97b07fd19cdf9611c76""}",60
h3/val/edit/growth0.30,d8cbbf1be67f8cdb9735e8cf46367f4243279eb23e3686e80f673a7dab597e2b,2fadfeb129a6764fa185713a5263113fc3eddb72,"{""microsoft/BiomedVLP-BioViL-T"": ""692f09e9be1bfe5fdd5f3efdd0e1eca7d2c10b23"", ""microsoft/radedit"": ""e8ebd31396ff8553c34084b98b5defb8ebea2817"", ""stabilityai/sdxl-vae"": ""6f5909a7e596173e25d4e97b07fd19cdf9611c76""}",60
h3/val/sham/growth0.30,8285f8e9870c7d49dc99431d8591aa4e28ef4bed1485ac307113bc06ee92851a,2fadfeb129a6764fa185713a5263113fc3eddb72,"{""microsoft/BiomedVLP-BioViL-T"": ""692f09e9be1bfe5fdd5f3efdd0e1eca7d2c10b23"", ""microsoft/radedit"": ""e8ebd31396ff8553c34084b98b5defb8ebea2817"", ""stabilityai/sdxl-vae"": ""6f5909a7e596173e25d4e97b07fd19cdf9611c76""}",60
